timestep,displacement_am
1,-0.460599
2,-0.445889
3,-0.398227
4,-0.321307
5,-0.220977
6,-0.104806
7,0.018514
8,0.139822
9,0.250132
10,0.341310
11,0.406727
12,0.441666
13,0.443694
14,0.412838
15,0.351565
16,0.264575
17,0.158461
18,0.041170
19,-0.078524
20,-0.191751
21,-0.290152
22,-0.366525
23,-0.415329
24,-0.433090
25,-0.418666
26,-0.373320
27,-0.300567
28,-0.205940
29,-0.096612
30,0.019277
31,0.133093
32,0.236398
33,0.321598
34,0.382517
35,0.414743
36,0.416057
37,0.386563
38,0.328596
39,0.246624
40,0.146853
41,0.036786
42,-0.075368
43,-0.181286
44,-0.273156
45,-0.344263
46,-0.389458
47,-0.405529
48,-0.391476
49,-0.348510
50,-0.280004
51,-0.191145
52,-0.088660
53,0.019757
54,0.126074
55,0.222410
56,0.301682
57,0.358156
58,0.387730
59,0.388434
60,0.360351
61,0.305759
62,0.228874
63,0.135495
64,0.032677
65,-0.071940
66,-0.170554
67,-0.255934
68,-0.321820
69,-0.363468
70,-0.377932
71,-0.364316
72,-0.323820
73,-0.259602
74,-0.176559
75,-0.080992
76,0.019966
77,0.118788
78,0.208171
79,0.281565
80,0.333629
81,0.360649
82,0.360795
83,0.334219
84,0.283073
85,0.211312
86,0.124387
87,0.028837
88,-0.068222
89,-0.159565
90,-0.238477
91,-0.299202
92,-0.337368
93,-0.350293
94,-0.337199
95,-0.299227
96,-0.239379
97,-0.162213
98,-0.073569
99,0.019884
100,0.111224
101,0.193688
102,0.261232
103,0.308965
104,0.333482
105,0.333148
106,0.308152
107,0.260535
108,0.193966
109,0.113526
110,0.025265
111,-0.064220
112,-0.148306
113,-0.220787
114,-0.276402
115,-0.311160
116,-0.322614
117,-0.310116
118,-0.274769
119,-0.219353
120,-0.148142
121,-0.066523
122,0.019363
123,0.103093
124,0.178472
125,0.239967
126,0.283106
127,0.304844
128,0.303833
129,0.280501
130,0.237045
131,0.177295
132,0.106414
133,0.030350
134,-0.044783
135,-0.113426
136,-0.171438
137,-0.216590
138,-0.248918
139,-0.270431
140,-0.284025
141,-0.292017
142,-0.294146
143,-0.286212
144,-0.259726
145,-0.203495
146,-0.107302
147,0.033120
148,0.211071
149,0.406365
150,0.586780
151,0.714762
152,0.757638
153,0.698649
154,0.543959
155,0.322357
156,0.076451
157,-0.151784
158,-0.335177
159,-0.468656
160,-0.565806
161,-0.645952
162,-0.718363
163,-0.772541
164,-0.780778
165,-0.712593
166,-0.553601
167,-0.317652
168,-0.044405
169,0.217411
170,0.431712
171,0.588665
172,0.701846
173,0.790768
174,0.860793
175,0.894412
176,0.860902
177,0.737974
178,0.530842
179,0.274327
180,0.015841
181,-0.209266
182,-0.392774
183,-0.548162
184,-0.689441
185,-0.811005
186,-0.884878
187,-0.878298
188,-0.778343
189,-0.604294
190,-0.397271
191,-0.194962
192,-0.011308
193,0.163224
194,0.341808
195,0.519334
196,0.667746
197,0.753100
198,0.759751
199,0.700863
200,0.605988
201,0.496540
202,0.371045
203,0.213441
204,0.016429
205,-0.201553
206,-0.402216
207,-0.551530
208,-0.640689
209,-0.685149
210,-0.703619
211,-0.696992
212,-0.647125
213,-0.536214
214,-0.367995
215,-0.170550
216,0.021527
217,0.188896
218,0.333846
219,0.466921
220,0.587461
221,0.676523
222,0.708723
223,0.672304
224,0.579732
225,0.458525
226,0.329968
227,0.194878
228,0.040884
229,-0.134645
230,-0.309693
231,-0.448338
232,-0.528423
233,-0.557600
234,-0.559529
235,-0.545106
236,-0.500653
237,-0.406247
238,-0.263122
239,-0.099202
240,0.052509
241,0.178211
242,0.285821
243,0.385770
244,0.472336
245,0.524109
246,0.522064
247,0.466928
248,0.379095
249,0.280824
250,0.178609
251,0.064025
252,-0.068002
253,-0.203996
254,-0.317455
255,-0.388971
256,-0.419263
257,-0.422381
258,-0.407827
259,-0.370682
260,-0.299087
261,-0.190790
262,-0.061940
263,0.061759
264,0.164113
265,0.247666
266,0.322297
267,0.386199
268,0.421616
269,0.411160
270,0.355868
271,0.274591
272,0.186156
273,0.094151
274,-0.009728
275,-0.128182
276,-0.246225
277,-0.338903
278,-0.391553
279,-0.410174
280,-0.409425
281,-0.392740
282,-0.348346
283,-0.265615
284,-0.151718
285,-0.029082
286,0.082612
287,0.179867
288,0.270113
289,0.354781
290,0.420090
291,0.447113
292,0.429952
293,0.380770
294,0.315852
295,0.239622
296,0.145323
297,0.030206
298,-0.093805
299,-0.205773
300,-0.291257
301,-0.350603
302,-0.391648
303,-0.415492
304,-0.412114
305,-0.371465
306,-0.296769
307,-0.203794
308,-0.107537
309,-0.011944
310,0.086190
311,0.185445
312,0.273808
313,0.335402
314,0.362961
315,0.362071
316,0.342304
317,0.305719
318,0.246658
319,0.162642
320,0.062778
321,-0.036610
322,-0.123438
323,-0.196145
324,-0.258255
325,-0.308042
326,-0.335368
327,-0.330427
328,-0.294216
329,-0.237972
330,-0.172166
331,-0.098589
332,-0.014222
333,0.078398
334,0.167163
335,0.237528
336,0.283218
337,0.308238
338,0.317967
339,0.309974
340,0.276547
341,0.215593
342,0.136326
343,0.052593
344,-0.027794
345,-0.105641
346,-0.182399
347,-0.251698
348,-0.300880
349,-0.321562
350,-0.316475
351,-0.294299
352,-0.258882
353,-0.206592
354,-0.134591
355,-0.049036
356,0.036657
357,0.111703
358,0.174459
359,0.228157
360,0.271331
361,0.295269
362,0.292135
363,0.263520
364,0.218758
365,0.165403
366,0.103860
367,0.031940
368,-0.046773
369,-0.121266
370,-0.180624
371,-0.221833
372,-0.248653
373,-0.262922
374,-0.260208
375,-0.234866
376,-0.188105
377,-0.128528
378,-0.065177
379,-0.001279
380,0.064171
381,0.129273
382,0.185903
383,0.224781
384,0.242919
385,0.243829
386,0.231219
387,0.204229
388,0.160063
389,0.100179
390,0.032200
391,-0.034665
392,-0.095688
393,-0.150583
394,-0.198225
395,-0.233218
396,-0.249062
397,-0.243835
398,-0.221204
399,-0.186024
400,-0.140375
401,-0.084173
402,-0.019646
403,0.046604
404,0.106553
405,0.155520
406,0.192846
407,0.218184
408,0.228886
409,0.221686
410,0.196351
411,0.156612
412,0.107759
413,0.053479
414,-0.004461
415,-0.063261
416,-0.117503
417,-0.161360
418,-0.191429
419,-0.207166
420,-0.208963
421,-0.196356
422,-0.168648
423,-0.126973
424,-0.075066
425,-0.017718
426,0.041263
427,0.099050
428,0.152185
429,0.195859
430,0.225092
431,0.236326
432,0.227800
433,0.199091
434,0.150796
435,0.085158
436,0.007386
437,-0.074148
438,-0.149442
439,-0.208569
440,-0.242699
441,-0.245339
442,-0.214034
443,-0.151725
444,-0.067033
445,0.026802
446,0.114491
447,0.181432
448,0.216103
449,0.212229
450,0.170667
451,0.099378
452,0.010982
453,-0.080398
454,-0.161677
455,-0.222293
456,-0.254663
457,-0.254453
458,-0.220648
459,-0.155035
460,-0.061269
461,0.054758
462,0.182386
463,0.304259
464,0.397546
465,0.439165
466,0.413013
467,0.316134
468,0.161541
469,-0.022883
470,-0.199245
471,-0.328919
472,-0.385027
473,-0.362958
474,-0.282761
475,-0.180758
476,-0.094425
477,-0.047444
478,-0.041887
479,-0.059551
480,-0.071029
481,-0.049202
482,0.016796
483,0.113437
484,0.206311
485,0.256059
486,0.238663
487,0.158416
488,0.046242
489,-0.055781
490,-0.114021
491,-0.117097
492,-0.078297
493,-0.027267
494,0.005672
495,0.005969
496,-0.016295
497,-0.032184
498,-0.012697
499,0.050304
500,0.135266
501,0.201331
502,0.211323
503,0.152501
504,0.042360
505,-0.081639
506,-0.181217
507,-0.235040
508,-0.246749
509,-0.239246
510,-0.237691
511,-0.250023
512,-0.257767
513,-0.225925
514,-0.127369
515,0.035144
516,0.225919
517,0.394972
518,0.504900
519,0.547808
520,0.541962
521,0.513450
522,0.476437
523,0.423788
524,0.332335
525,0.180154
526,-0.033747
527,-0.280120
528,-0.508779
529,-0.673524
530,-0.756311
531,-0.772824
532,-0.753783
533,-0.716823
534,-0.651806
535,-0.530993
536,-0.335028
537,-0.073870
538,0.212803
539,0.474470
540,0.673697
541,0.799845
542,0.866406
543,0.894196
544,0.891505
545,0.844425
546,0.726256
547,0.521237
548,0.245341
549,-0.054128
550,-0.322943
551,-0.530448
552,-0.681045
553,-0.797399
554,-0.890980
555,-0.945871
556,-0.928951
557,-0.816644
558,-0.615608
559,-0.361968
560,-0.101782
561,0.131959
562,0.330686
563,0.504118
564,0.661789
565,0.795196
566,0.874470
567,0.865312
568,0.754151
569,0.563170
570,0.336542
571,0.113393
572,-0.100400
573,-0.318234
574,-0.555949
575,-0.788222
576,-0.972733
577,-1.051574
578,-1.009169
579,-0.856517
580,-0.630005
581,-0.368450
582,-0.083052
583,0.200220
584,0.480610
585,0.719983
586,0.901522
587,0.999704
588,1.015659
589,0.963872
590,0.853510
591,0.698662
592,0.472161
593,0.190516
594,-0.142368
595,-0.473543
596,-0.733107
597,-0.931068
598,-1.029964
599,-1.086162
600,-1.095758
601,-1.014577
602,-0.870138
603,-0.617707
604,-0.319374
605,-0.011712
606,0.298083
607,0.573653
608,0.803091
609,0.981892
610,1.085364
611,1.119439
612,1.105624
613,0.992406
614,0.787223
615,0.509740
616,0.199269
617,-0.081787
618,-0.323855
619,-0.571700
620,-0.838743
621,-1.039549
622,-1.133948
623,-1.103565
624,-0.969193
625,-0.820702
626,-0.646491
627,-0.398285
628,-0.094699
629,0.220516
630,0.491956
631,0.722562
632,0.912934
633,1.020438
634,1.055120
635,1.011944
636,0.891622
637,0.757993
638,0.561245
639,0.237039
640,-0.096135
641,-0.351724
642,-0.567422
643,-0.746887
644,-0.914534
645,-1.043857
646,-1.039274
647,-0.932836
648,-0.782947
649,-0.598424
650,-0.371454
651,-0.094887
652,0.183921
653,0.405439
654,0.620336
655,0.859692
656,1.013225
657,1.020534
658,0.926866
659,0.807872
660,0.674464
661,0.477264
662,0.199008
663,-0.136365
664,-0.430129
665,-0.630592
666,-0.814770
667,-0.974708
668,-1.030722
669,-1.011503
670,-0.934508
671,-0.757948
672,-0.521024
673,-0.262807
674,0.031836
675,0.306416
676,0.509683
677,0.704690
678,0.900168
679,1.011493
680,1.039546
681,1.002659
682,0.866365
683,0.670013
684,0.478048
685,0.240382
686,-0.077960
687,-0.384379
688,-0.633784
689,-0.845303
690,-0.986938
691,-1.030771
692,-1.019773
693,-0.968303
694,-0.827262
695,-0.617013
696,-0.378525
697,-0.099491
698,0.183438
699,0.404411
700,0.598754
701,0.817452
702,0.993549
703,1.055051
704,1.025286
705,0.936030
706,0.794465
707,0.612758
708,0.392044
709,0.141416
710,-0.117581
711,-0.374415
712,-0.610561
713,-0.805292
714,-0.958733
715,-1.051220
716,-1.061807
717,-1.006944
718,-0.880412
719,-0.664495
720,-0.385391
721,-0.079787
722,0.224207
723,0.498530
724,0.742807
725,0.956566
726,1.097250
727,1.131230
728,1.059768
729,0.895016
730,0.671709
731,0.432326
732,0.171580
733,-0.132475
734,-0.429819
735,-0.641292
736,-0.780716
737,-0.905053
738,-0.982893
739,-0.968337
740,-0.902430
741,-0.795360
742,-0.591322
743,-0.313713
744,-0.033996
745,0.249094
746,0.538667
747,0.781321
748,0.947944
749,1.037644
750,1.024769
751,0.895989
752,0.683442
753,0.425471
754,0.149520
755,-0.116142
756,-0.352259
757,-0.544761
758,-0.669394
759,-0.720793
760,-0.735668
761,-0.737371
762,-0.700596
763,-0.605558
764,-0.464139
765,-0.282257
766,-0.062081
767,0.171836
768,0.388898
769,0.570451
770,0.705428
771,0.781600
772,0.778426
773,0.690968
774,0.549921
775,0.383105
776,0.200387
777,0.028240
778,-0.115036
779,-0.255572
780,-0.407443
781,-0.538471
782,-0.625428
783,-0.672179
784,-0.674092
785,-0.619651
786,-0.504946
787,-0.330480
788,-0.110614
789,0.114804
790,0.311022
791,0.478536
792,0.634805
793,0.768462
794,0.851041
795,0.875044
796,0.853207
797,0.787696
798,0.671192
799,0.499783
800,0.273351
801,0.011486
802,-0.257214
803,-0.506816
804,-0.723938
805,-0.888202
806,-0.992558
807,-1.039152
808,-1.021886
809,-0.934823
810,-0.779378
811,-0.564414
812,-0.291289
813,0.003761
814,0.290186
815,0.558569
816,0.800643
817,0.974370
818,1.066920
819,1.097213
820,1.067153
821,0.972438
822,0.814655
823,0.595253
824,0.291656
825,-0.050038
826,-0.395492
827,-0.715401
828,-0.984598
829,-1.173203
830,-1.250623
831,-1.236171
832,-1.100098
833,-0.899745
834,-0.667420
835,-0.397685
836,-0.104059
837,0.227953
838,0.541951
839,0.855676
840,1.108690
841,1.272002
842,1.359414
843,1.317220
844,1.163713
845,0.885194
846,0.527283
847,0.113957
848,-0.308548
849,-0.673675
850,-0.986227
851,-1.236413
852,-1.402840
853,-1.458115
854,-1.388388
855,-1.193464
856,-0.895956
857,-0.519824
858,-0.082303
859,0.373965
860,0.803111
861,1.160966
862,1.413126
863,1.557060
864,1.589291
865,1.521310
866,1.329430
867,1.005033
868,0.587268
869,0.104294
870,-0.390554
871,-0.856565
872,-1.263558
873,-1.584524
874,-1.778060
875,-1.826509
876,-1.746175
877,-1.544853
878,-1.236705
879,-0.816560
880,-0.309634
881,0.240780
882,0.778662
883,1.241067
884,1.594135
885,1.821231
886,1.903192
887,1.842379
888,1.641319
889,1.310317
890,0.883919
891,0.386333
892,-0.134140
893,-0.626875
894,-1.062966
895,-1.424616
896,-1.668531
897,-1.782879
898,-1.754411
899,-1.588497
900,-1.301964
901,-0.934148
902,-0.507684
903,-0.043642
904,0.422906
905,0.852460
906,1.208012
907,1.474476
908,1.635353
909,1.680341
910,1.602664
911,1.392244
912,1.057343
913,0.655125
914,0.223994
915,-0.224879
916,-0.658758
917,-1.052106
918,-1.362527
919,-1.528794
920,-1.566115
921,-1.494789
922,-1.322998
923,-1.069850
924,-0.727059
925,-0.324446
926,0.079003
927,0.469978
928,0.800799
929,1.068026
930,1.262244
931,1.334935
932,1.302078
933,1.175749
934,0.935860
935,0.622983
936,0.257479
937,-0.142081
938,-0.514459
939,-0.835145
940,-1.081750
941,-1.240437
942,-1.311927
943,-1.289395
944,-1.176326
945,-0.978778
946,-0.677348
947,-0.316079
948,0.058354
949,0.415730
950,0.731339
951,0.985153
952,1.175363
953,1.277116
954,1.263488
955,1.137809
956,0.921395
957,0.647638
958,0.348639
959,0.037958
960,-0.279491
961,-0.595089
962,-0.881930
963,-1.104806
964,-1.234454
965,-1.280561
966,-1.251217
967,-1.135813
968,-0.936858
969,-0.667581
970,-0.352443
971,-0.012462
972,0.328898
973,0.649963
974,0.922962
975,1.112053
976,1.221083
977,1.253778
978,1.203690
979,1.090740
980,0.888907
981,0.621924
982,0.296588
983,-0.057384
984,-0.397489
985,-0.700937
986,-0.952151
987,-1.159761
988,-1.281285
989,-1.313712
990,-1.249297
991,-1.081475
992,-0.844643
993,-0.550460
994,-0.198511
995,0.179775
996,0.565960
997,0.897322
998,1.138359
999,1.287867
1000,1.345721
1001,1.316306
1002,1.198841
1003,0.957615
1004,0.626816
1005,0.258544
1006,-0.127433
1007,-0.470129
1008,-0.765501
1009,-1.021480
1010,-1.201791
1011,-1.286191
1012,-1.271901
1013,-1.145694
1014,-0.951871
1015,-0.711456
1016,-0.427193
1017,-0.116629
1018,0.217664
1019,0.549682
1020,0.842502
1021,1.071905
1022,1.231418
1023,1.311943
1024,1.304117
1025,1.193505
1026,0.966179
1027,0.637528
1028,0.231418
1029,-0.212799
1030,-0.652468
1031,-1.030181
1032,-1.326970
1033,-1.537839
1034,-1.614645
1035,-1.570135
1036,-1.404153
1037,-1.104721
1038,-0.727270
1039,-0.332589
1040,0.080315
1041,0.472183
1042,0.830685
1043,1.163293
1044,1.415172
1045,1.552484
1046,1.601224
1047,1.526603
1048,1.319711
1049,1.038510
1050,0.669342
1051,0.222669
1052,-0.246365
1053,-0.714848
1054,-1.133052
1055,-1.441530
1056,-1.652541
1057,-1.731063
1058,-1.656118
1059,-1.470878
1060,-1.174033
1061,-0.750910
1062,-0.270795
1063,0.200524
1064,0.640213
1065,1.028464
1066,1.359961
1067,1.594144
1068,1.683518
1069,1.628857
1070,1.432592
1071,1.114607
1072,0.727066
1073,0.293910
1074,-0.170410
1075,-0.612174
1076,-0.938010
1077,-1.160745
1078,-1.308095
1079,-1.341058
1080,-1.249036
1081,-1.054531
1082,-0.787693
1083,-0.507792
1084,-0.263118
1085,-0.024461
1086,0.225910
1087,0.459552
1088,0.660472
1089,0.804720
1090,0.887213
1091,0.958347
1092,1.027324
1093,1.009145
1094,0.886388
1095,0.718700
1096,0.483405
1097,0.158202
1098,-0.179389
1099,-0.499785
1100,-0.809352
1101,-1.057809
1102,-1.216673
1103,-1.287320
1104,-1.248101
1105,-1.074593
1106,-0.805075
1107,-0.477997
1108,-0.107023
1109,0.287576
1110,0.673624
1111,1.016071
1112,1.260037
1113,1.356261
1114,1.337738
1115,1.221924
1116,1.010236
1117,0.733509
1118,0.425190
1119,0.090591
1120,-0.251694
1121,-0.554868
1122,-0.833033
1123,-1.055495
1124,-1.178703
1125,-1.201781
1126,-1.149488
1127,-0.992299
1128,-0.711147
1129,-0.373484
1130,-0.022110
1131,0.307288
1132,0.571699
1133,0.763463
1134,0.911427
1135,1.024382
1136,1.045452
1137,0.974402
1138,0.838570
1139,0.652131
1140,0.429629
1141,0.177088
1142,-0.099752
1143,-0.387741
1144,-0.632599
1145,-0.795009
1146,-0.899028
1147,-0.932386
1148,-0.877791
1149,-0.752852
1150,-0.573229
1151,-0.371313
1152,-0.147041
1153,0.084208
1154,0.315345
1155,0.517813
1156,0.655301
1157,0.761041
1158,0.819040
1159,0.821386
1160,0.763383
1161,0.633720
1162,0.465770
1163,0.263865
1164,0.045003
1165,-0.162261
1166,-0.321291
1167,-0.427536
1168,-0.523201
1169,-0.582536
1170,-0.590518
1171,-0.576050
1172,-0.514658
1173,-0.397805
1174,-0.244949
1175,-0.089342
1176,0.061819
1177,0.220367
1178,0.360691
1179,0.469669
1180,0.532581
1181,0.548951
1182,0.547470
1183,0.535028
1184,0.477818
1185,0.354386
1186,0.171114
1187,-0.019279
1188,-0.183960
1189,-0.316822
1190,-0.418317
1191,-0.498390
1192,-0.555892
1193,-0.573775
1194,-0.553080
1195,-0.504776
1196,-0.441450
1197,-0.368602
1198,-0.268221
1199,-0.135003
1200,-0.015870
1201,0.068674
1202,0.122878
1203,0.173734
1204,0.236046
1205,0.302319
1206,0.371371
1207,0.422855
1208,0.438285
1209,0.404370
1210,0.315517
1211,0.223497
1212,0.144821
1213,0.054619
1214,-0.037964
1215,-0.126762
1216,-0.215463
1217,-0.289940
1218,-0.308337
1219,-0.280513
1220,-0.217772
1221,-0.141646
1222,-0.059794
1223,0.012750
1224,0.068206
1225,0.115005
1226,0.125824
1227,0.140890
1228,0.177821
1229,0.221898
1230,0.236150
1231,0.219869
1232,0.165236
1233,0.076217
1234,-0.016460
1235,-0.096658
1236,-0.130545
1237,-0.150739
1238,-0.174163
1239,-0.185370
1240,-0.188162
1241,-0.154289
1242,-0.097491
1243,-0.056892
1244,-0.019826
1245,0.009573
1246,0.055035
1247,0.119387
1248,0.160109
1249,0.194113
1250,0.174817
1251,0.122941
1252,0.079476
1253,0.024723
1254,-0.001896
1255,-0.029192
1256,-0.048170
1257,-0.036495
1258,-0.039064
1259,-0.056713
1260,-0.100914
1261,-0.144311
1262,-0.133917
1263,-0.093038
1264,-0.036242
1265,0.021307
1266,0.037884
1267,0.060648
1268,0.103313
1269,0.149238
1270,0.233109
1271,0.318030
1272,0.380520
1273,0.390606
1274,0.346706
1275,0.287334
1276,0.237182
1277,0.181681
1278,0.106952
1279,0.002136
1280,-0.141705
1281,-0.279594
1282,-0.396770
1283,-0.459128
1284,-0.463946
1285,-0.446812
1286,-0.409184
1287,-0.347945
1288,-0.288914
1289,-0.206427
1290,-0.100775
1291,0.010991
1292,0.144313
1293,0.270819
1294,0.368164
1295,0.437146
1296,0.494344
1297,0.561276
1298,0.625948
1299,0.662641
1300,0.635877
1301,0.533971
1302,0.372267
1303,0.181246
1304,-0.021420
1305,-0.234284
1306,-0.470869
1307,-0.729656
1308,-0.957335
1309,-1.079981
1310,-1.074403
1311,-0.964494
1312,-0.772546
1313,-0.523482
1314,-0.240878
1315,0.071320
1316,0.396310
1317,0.674649
1318,0.920089
1319,1.107632
1320,1.188375
1321,1.177883
1322,1.061786
1323,0.853921
1324,0.600682
1325,0.308697
1326,0.024384
1327,-0.249370
1328,-0.511730
1329,-0.724460
1330,-0.875812
1331,-0.967280
1332,-0.999790
1333,-0.983175
1334,-0.918808
1335,-0.781632
1336,-0.592441
1337,-0.366102
1338,-0.130068
1339,0.103244
1340,0.343191
1341,0.580077
1342,0.814268
1343,1.002853
1344,1.108813
1345,1.136151
1346,1.058647
1347,0.892160
1348,0.642602
1349,0.307849
1350,-0.061180
1351,-0.433748
1352,-0.782594
1353,-1.053919
1354,-1.222894
1355,-1.272497
1356,-1.196626
1357,-1.053335
1358,-0.861316
1359,-0.612205
1360,-0.326412
1361,0.008811
1362,0.365079
1363,0.672264
1364,0.923011
1365,1.111504
1366,1.226128
1367,1.282803
1368,1.258590
1369,1.098102
1370,0.829693
1371,0.498196
1372,0.148673
1373,-0.185296
1374,-0.501260
1375,-0.803633
1376,-1.067558
1377,-1.246139
1378,-1.324793
1379,-1.301211
1380,-1.188902
1381,-1.003349
1382,-0.751383
1383,-0.437468
1384,-0.073086
1385,0.306080
1386,0.652637
1387,0.925229
1388,1.110493
1389,1.210840
1390,1.229705
1391,1.190229
1392,1.059078
1393,0.838018
1394,0.559263
1395,0.248112
1396,-0.072995
1397,-0.391957
1398,-0.680883
1399,-0.956902
1400,-1.173033
1401,-1.277092
1402,-1.287326
1403,-1.203469
1404,-1.030975
1405,-0.790547
1406,-0.510748
1407,-0.184125
1408,0.165092
1409,0.487418
1410,0.791361
1411,1.039841
1412,1.219412
1413,1.339785
1414,1.363084
1415,1.259533
1416,1.035309
1417,0.706822
1418,0.326000
1419,-0.047224
1420,-0.393220
1421,-0.693642
1422,-0.917700
1423,-1.073260
1424,-1.153337
1425,-1.146220
1426,-1.083786
1427,-0.962937
1428,-0.779064
1429,-0.543846
1430,-0.275079
1431,0.022821
1432,0.315412
1433,0.570568
1434,0.779769
1435,0.931999
1436,1.012639
1437,1.041462
1438,1.025186
1439,0.968252
1440,0.859779
1441,0.669949
1442,0.397573
1443,0.060552
1444,-0.299517
1445,-0.628709
1446,-0.891005
1447,-1.065639
1448,-1.145170
1449,-1.109536
1450,-0.992269
1451,-0.820727
1452,-0.602828
1453,-0.371526
1454,-0.110259
1455,0.176685
1456,0.486284
1457,0.770784
1458,1.018096
1459,1.194980
1460,1.253998
1461,1.210783
1462,1.049665
1463,0.789112
1464,0.476446
1465,0.131316
1466,-0.229225
1467,-0.574572
1468,-0.892155
1469,-1.166868
1470,-1.334325
1471,-1.369121
1472,-1.287398
1473,-1.075789
1474,-0.782297
1475,-0.449610
1476,-0.077252
1477,0.301612
1478,0.642828
1479,0.931778
1480,1.162529
1481,1.297859
1482,1.342523
1483,1.290878
1484,1.102379
1485,0.806149
1486,0.434306
1487,0.028560
1488,-0.352564
1489,-0.675933
1490,-0.939502
1491,-1.131449
1492,-1.244227
1493,-1.290264
1494,-1.240286
1495,-1.068386
1496,-0.801306
1497,-0.477416
1498,-0.111940
1499,0.249529
1500,0.584050
1501,0.879587
1502,1.085185
1503,1.191903
1504,1.216773
1505,1.163208
1506,1.049206
1507,0.875195
1508,0.612468
1509,0.263741
1510,-0.121879
1511,-0.477069
1512,-0.768898
1513,-0.980960
1514,-1.111560
1515,-1.160914
1516,-1.126458
1517,-1.021327
1518,-0.840773
1519,-0.580237
1520,-0.268180
1521,0.074247
1522,0.429972
1523,0.744585
1524,0.981096
1525,1.114110
1526,1.151016
1527,1.120143
1528,1.028265
1529,0.876750
1530,0.664002
1531,0.398584
1532,0.093590
1533,-0.216628
1534,-0.495245
1535,-0.731371
1536,-0.904235
1537,-0.999496
1538,-1.011198
1539,-0.953937
1540,-0.830086
1541,-0.661239
1542,-0.456734
1543,-0.194838
1544,0.107718
1545,0.398902
1546,0.633400
1547,0.804854
1548,0.896333
1549,0.915765
1550,0.857204
1551,0.746673
1552,0.592805
1553,0.398884
1554,0.165537
1555,-0.090060
1556,-0.348203
1557,-0.593959
1558,-0.796173
1559,-0.904673
1560,-0.920422
1561,-0.888378
1562,-0.821399
1563,-0.710690
1564,-0.557269
1565,-0.355668
1566,-0.099473
1567,0.181914
1568,0.435389
1569,0.634305
1570,0.798655
1571,0.923107
1572,1.004921
1573,1.052189
1574,1.069346
1575,1.022953
1576,0.889088
1577,0.661865
1578,0.381677
1579,0.093197
1580,-0.202095
1581,-0.485102
1582,-0.717198
1583,-0.900312
1584,-1.046055
1585,-1.123550
1586,-1.110055
1587,-1.011343
1588,-0.848937
1589,-0.604148
1590,-0.311299
1591,-0.027462
1592,0.227113
1593,0.473184
1594,0.719051
1595,0.920844
1596,1.046628
1597,1.105119
1598,1.089254
1599,0.949419
1600,0.709432
1601,0.438509
1602,0.160608
1603,-0.134746
1604,-0.424818
1605,-0.652840
1606,-0.829678
1607,-0.989509
1608,-1.105392
1609,-1.122298
1610,-1.027596
1611,-0.871142
1612,-0.661309
1613,-0.405870
1614,-0.117636
1615,0.182313
1616,0.491640
1617,0.794129
1618,1.010215
1619,1.131533
1620,1.142868
1621,1.061714
1622,0.912742
1623,0.690650
1624,0.440064
1625,0.166145
1626,-0.136302
1627,-0.450275
1628,-0.750300
1629,-0.995051
1630,-1.165731
1631,-1.228704
1632,-1.169782
1633,-1.035381
1634,-0.859868
1635,-0.640965
1636,-0.376028
1637,-0.040490
1638,0.327430
1639,0.675763
1640,0.966515
1641,1.140337
1642,1.201681
1643,1.130976
1644,0.942657
1645,0.680703
1646,0.369425
1647,0.012505
1648,-0.364034
1649,-0.718504
1650,-0.998213
1651,-1.183887
1652,-1.269267
1653,-1.212728
1654,-1.059731
1655,-0.840973
1656,-0.604202
1657,-0.368731
1658,-0.105720
1659,0.197211
1660,0.511435
1661,0.777651
1662,0.986903
1663,1.139567
1664,1.186193
1665,1.124980
1666,0.970685
1667,0.722447
1668,0.386048
1669,-0.010969
1670,-0.397071
1671,-0.711782
1672,-0.937856
1673,-1.071321
1674,-1.102592
1675,-1.055200
1676,-0.942407
1677,-0.781413
1678,-0.569182
1679,-0.312949
1680,-0.026088
1681,0.250153
1682,0.494031
1683,0.675791
1684,0.804683
1685,0.913649
1686,0.965903
1687,0.948047
1688,0.860149
1689,0.677258
1690,0.405479
1691,0.068158
1692,-0.276516
1693,-0.538064
1694,-0.713365
1695,-0.796354
1696,-0.776677
1697,-0.715107
1698,-0.631662
1699,-0.537711
1700,-0.430338
1701,-0.291153
1702,-0.139850
1703,0.006260
1704,0.143990
1705,0.285074
1706,0.429269
1707,0.579499
1708,0.701995
1709,0.757680
1710,0.702817
1711,0.550983
1712,0.376391
1713,0.188335
1714,0.010124
1715,-0.123858
1716,-0.232966
1717,-0.317011
1718,-0.379678
1719,-0.433361
1720,-0.466373
1721,-0.482713
1722,-0.470729
1723,-0.398673
1724,-0.287906
1725,-0.158567
1726,0.016801
1727,0.192807
1728,0.361146
1729,0.492090
1730,0.540043
1731,0.519941
1732,0.432654
1733,0.348262
1734,0.306939
1735,0.266661
1736,0.188268
1737,0.087575
1738,-0.046923
1739,-0.213916
1740,-0.361460
1741,-0.489994
1742,-0.592148
1743,-0.643084
1744,-0.640968
1745,-0.574351
1746,-0.451063
1747,-0.286877
1748,-0.108194
1749,0.056032
1750,0.185040
1751,0.299724
1752,0.420312
1753,0.533396
1754,0.624422
1755,0.686045
1756,0.655733
1757,0.531435
1758,0.377191
1759,0.233833
1760,0.113873
1761,0.012755
1762,-0.076609
1763,-0.160537
1764,-0.244464
1765,-0.312997
1766,-0.352110
1767,-0.404960
1768,-0.471346
1769,-0.504463
1770,-0.478357
1771,-0.398409
1772,-0.271464
1773,-0.139469
1774,-0.024300
1775,0.077098
1776,0.174938
1777,0.272232
1778,0.365793
1779,0.460624
1780,0.541659
1781,0.583998
1782,0.579211
1783,0.532255
1784,0.430297
1785,0.280725
1786,0.107324
1787,-0.060114
1788,-0.208164
1789,-0.323651
1790,-0.431595
1791,-0.538854
1792,-0.626809
1793,-0.683910
1794,-0.691737
1795,-0.631084
1796,-0.508081
1797,-0.334645
1798,-0.134335
1799,0.081455
1800,0.298638
1801,0.483577
1802,0.615365
1803,0.684792
1804,0.712266
1805,0.714327
1806,0.669547
1807,0.572772
1808,0.399286
1809,0.161290
1810,-0.093666
1811,-0.332214
1812,-0.516789
1813,-0.630360
1814,-0.688771
1815,-0.694281
1816,-0.665593
1817,-0.587469
1818,-0.446130
1819,-0.270270
1820,-0.059757
1821,0.170043
1822,0.377810
1823,0.561891
1824,0.711767
1825,0.807722
1826,0.847217
1827,0.811383
1828,0.708546
1829,0.576284
1830,0.426412
1831,0.274402
1832,0.084262
1833,-0.160793
1834,-0.427687
1835,-0.655639
1836,-0.799482
1837,-0.853314
1838,-0.828406
1839,-0.739804
1840,-0.607313
1841,-0.432417
1842,-0.244490
1843,-0.035619
1844,0.200409
1845,0.435808
1846,0.668112
1847,0.861165
1848,0.986160
1849,1.038485
1850,0.991085
1851,0.882934
1852,0.731293
1853,0.548323
1854,0.338945
1855,0.109691
1856,-0.125052
1857,-0.341738
1858,-0.514404
1859,-0.631192
1860,-0.675215
1861,-0.637338
1862,-0.527798
1863,-0.367391
1864,-0.219789
1865,-0.092758
1866,0.025740
1867,0.140737
1868,0.270201
1869,0.408701
1870,0.542578
1871,0.636192
1872,0.672374
1873,0.625609
1874,0.513353
1875,0.412134
1876,0.316992
1877,0.230461
1878,0.141058
1879,0.014782
1880,-0.123671
1881,-0.229560
1882,-0.313279
1883,-0.345663
1884,-0.316875
1885,-0.265252
1886,-0.190815
1887,-0.087524
1888,-0.000402
1889,0.056090
1890,0.103043
1891,0.150479
1892,0.210088
1893,0.316328
1894,0.413810
1895,0.438194
1896,0.410001
1897,0.335413
1898,0.243431
1899,0.185251
1900,0.137047
1901,0.071143
1902,-0.011198
1903,-0.088167
1904,-0.176530
1905,-0.256953
1906,-0.316350
1907,-0.350167
1908,-0.328487
1909,-0.263569
1910,-0.202823
1911,-0.132047
1912,-0.029802
1913,0.104253
1914,0.288879
1915,0.479741
1916,0.603411
1917,0.648917
1918,0.623428
1919,0.567403
1920,0.489316
1921,0.382016
1922,0.224058
1923,0.014000
1924,-0.207256
1925,-0.411302
1926,-0.565063
1927,-0.654445
1928,-0.692049
1929,-0.669279
1930,-0.563688
1931,-0.412212
1932,-0.244015
1933,-0.063422
1934,0.075190
1935,0.202802
1936,0.337712
1937,0.445699
1938,0.521409
1939,0.551356
1940,0.520002
1941,0.447464
1942,0.353861
1943,0.253295
1944,0.163677
1945,0.088039
1946,0.011595
1947,-0.083848
1948,-0.172816
1949,-0.242257
1950,-0.286938
1951,-0.278616
1952,-0.260876
1953,-0.256953
1954,-0.234311
1955,-0.193274
1956,-0.132715
1957,-0.027146
1958,0.066785
1959,0.129074
1960,0.194138
1961,0.235246
1962,0.252590
1963,0.271215
1964,0.262522
1965,0.243524
1966,0.220148
1967,0.172029
1968,0.091470
1969,-0.003266
1970,-0.084488
1971,-0.158145
1972,-0.204818
1973,-0.239012
1974,-0.281213
1975,-0.297972
1976,-0.285381
1977,-0.277533
1978,-0.240413
1979,-0.165790
1980,-0.101195
1981,-0.028378
1982,0.068606
1983,0.116567
1984,0.152420
1985,0.242330
1986,0.330927
1987,0.385316
1988,0.400813
1989,0.364219
1990,0.286444
1991,0.189735
1992,0.081385
1993,-0.028386
1994,-0.113958
1995,-0.162056
1996,-0.210377
1997,-0.291494
1998,-0.363633
1999,-0.408367
2000,-0.385010
2001,-0.338331
2002,-0.318226
2003,-0.299216
2004,-0.231601
2005,-0.125730
2006,0.000469
2007,0.164608
2008,0.300879
2009,0.412815
2010,0.495770
2011,0.500557
2012,0.428579
2013,0.338865
2014,0.255883
2015,0.161166
2016,0.046793
2017,-0.092258
2018,-0.244753
2019,-0.374939
2020,-0.479772
2021,-0.572002
2022,-0.580048
2023,-0.497699
2024,-0.391457
2025,-0.288246
2026,-0.140313
2027,0.032791
2028,0.165422
2029,0.238490
2030,0.271145
2031,0.263719
2032,0.262064
2033,0.294146
2034,0.302429
2035,0.295451
2036,0.312162
2037,0.315210
2038,0.230676
2039,0.079909
2040,-0.045203
2041,-0.149217
2042,-0.279125
2043,-0.385101
2044,-0.444193
2045,-0.495474
2046,-0.522854
2047,-0.534560
2048,-0.525970
2049,-0.469063
2050,-0.356737
2051,-0.241297
2052,-0.138701
2053,0.018487
2054,0.228069
2055,0.394570
2056,0.485589
2057,0.538859
2058,0.532726
2059,0.470136
2060,0.399624
2061,0.318162
2062,0.209940
2063,0.071821
2064,-0.079891
2065,-0.246119
2066,-0.433007
2067,-0.628885
2068,-0.766734
2069,-0.826491
2070,-0.793234
2071,-0.686063
2072,-0.544361
2073,-0.383814
2074,-0.210877
2075,-0.042077
2076,0.119603
2077,0.291715
2078,0.482040
2079,0.660247
2080,0.746318
2081,0.757779
2082,0.739996
2083,0.631487
2084,0.414186
2085,0.154853
2086,-0.101600
2087,-0.330435
2088,-0.537683
2089,-0.708641
2090,-0.799594
2091,-0.836982
2092,-0.857223
2093,-0.848709
2094,-0.779098
2095,-0.631181
2096,-0.386968
2097,-0.073728
2098,0.258502
2099,0.555459
2100,0.775765
2101,0.893838
2102,0.936155
2103,0.886584
2104,0.803104
2105,0.724756
2106,0.587608
2107,0.398542
2108,0.190841
2109,-0.033700
2110,-0.287978
2111,-0.559942
2112,-0.805801
2113,-1.002891
2114,-1.119210
2115,-1.148886
2116,-1.099085
2117,-0.983183
2118,-0.819883
2119,-0.619274
2120,-0.421314
2121,-0.208300
2122,0.086212
2123,0.398908
2124,0.699102
2125,0.965726
2126,1.121262
2127,1.131382
2128,1.056181
2129,0.941182
2130,0.777913
2131,0.533808
2132,0.238666
2133,-0.073898
2134,-0.431580
2135,-0.785655
2136,-1.069303
2137,-1.260794
2138,-1.348802
2139,-1.326740
2140,-1.174363
2141,-0.946754
2142,-0.673332
2143,-0.370152
2144,-0.064509
2145,0.234051
2146,0.533549
2147,0.797451
2148,1.001861
2149,1.142495
2150,1.177707
2151,1.083369
2152,0.869000
2153,0.569435
2154,0.251915
2155,-0.039128
2156,-0.310723
2157,-0.571671
2158,-0.859062
2159,-1.138443
2160,-1.318594
2161,-1.409663
2162,-1.398554
2163,-1.276122
2164,-1.072646
2165,-0.783996
2166,-0.427066
2167,-0.045482
2168,0.316066
2169,0.645464
2170,0.960135
2171,1.225573
2172,1.392815
2173,1.466602
2174,1.425193
2175,1.223878
2176,0.908025
2177,0.526758
2178,0.126634
2179,-0.272606
2180,-0.640115
2181,-0.943177
2182,-1.180593
2183,-1.336538
2184,-1.391883
2185,-1.338366
2186,-1.175590
2187,-0.904045
2188,-0.558015
2189,-0.182118
2190,0.165053
2191,0.461802
2192,0.723831
2193,0.937079
2194,1.098819
2195,1.190981
2196,1.207406
2197,1.152376
2198,0.993962
2199,0.730939
2200,0.387486
2201,-0.003524
2202,-0.354878
2203,-0.633888
2204,-0.871989
2205,-1.077992
2206,-1.219298
2207,-1.258452
2208,-1.174721
2209,-0.966668
2210,-0.669585
2211,-0.348161
2212,-0.020795
2213,0.329378
2214,0.673837
2215,0.957922
2216,1.164924
2217,1.264245
2218,1.275725
2219,1.217984
2220,1.077296
2221,0.873909
2222,0.578505
2223,0.205339
2224,-0.193496
2225,-0.572880
2226,-0.863613
2227,-1.044953
2228,-1.153246
2229,-1.224221
2230,-1.234682
2231,-1.147884
2232,-0.980535
2233,-0.735822
2234,-0.421522
2235,-0.078263
2236,0.239584
2237,0.498913
2238,0.738871
2239,0.947534
2240,1.097211
2241,1.193014
2242,1.227882
2243,1.159065
2244,0.992065
2245,0.775588
2246,0.511579
2247,0.177471
2248,-0.178714
2249,-0.512485
2250,-0.820212
2251,-1.079528
2252,-1.258320
2253,-1.325371
2254,-1.259779
2255,-1.090873
2256,-0.860839
2257,-0.581970
2258,-0.243254
2259,0.108534
2260,0.397281
2261,0.613256
2262,0.747160
2263,0.827137
2264,0.871292
2265,0.865998
2266,0.780199
2267,0.605875
2268,0.403104
2269,0.194596
2270,0.004178
2271,-0.152863
2272,-0.302632
2273,-0.450343
2274,-0.595762
2275,-0.724886
2276,-0.802278
2277,-0.822517
2278,-0.769734
2279,-0.659315
2280,-0.497301
2281,-0.281486
2282,-0.045858
2283,0.203139
2284,0.420346
2285,0.582977
2286,0.700007
2287,0.761389
2288,0.780181
2289,0.739728
2290,0.638534
2291,0.518836
2292,0.380585
2293,0.205067
2294,0.017088
2295,-0.169585
2296,-0.348472
2297,-0.544857
2298,-0.721601
2299,-0.831733
2300,-0.890242
2301,-0.862816
2302,-0.742741
2303,-0.569930
2304,-0.345603
2305,-0.093788
2306,0.173648
2307,0.439261
2308,0.651938
2309,0.800310
2310,0.878628
2311,0.879501
2312,0.836812
2313,0.750842
2314,0.631267
2315,0.494131
2316,0.327866
2317,0.141029
2318,-0.074413
2319,-0.299515
2320,-0.489717
2321,-0.618268
2322,-0.684828
2323,-0.697325
2324,-0.662876
2325,-0.609945
2326,-0.534358
2327,-0.406434
2328,-0.239791
2329,-0.052065
2330,0.145143
2331,0.307833
2332,0.451536
2333,0.620764
2334,0.754469
2335,0.803344
2336,0.762549
2337,0.636445
2338,0.459068
2339,0.253010
2340,0.028618
2341,-0.207243
2342,-0.414415
2343,-0.554996
2344,-0.628157
2345,-0.623412
2346,-0.558575
2347,-0.460318
2348,-0.351460
2349,-0.212627
2350,-0.047296
2351,0.126139
2352,0.305494
2353,0.462118
2354,0.579706
2355,0.643273
2356,0.671856
2357,0.676834
2358,0.650218
2359,0.560244
2360,0.384433
2361,0.140990
2362,-0.151114
2363,-0.423028
2364,-0.637951
2365,-0.810105
2366,-0.935330
2367,-1.005171
2368,-0.997993
2369,-0.908627
2370,-0.730745
2371,-0.473436
2372,-0.200916
2373,0.068143
2374,0.341808
2375,0.585285
2376,0.801949
2377,0.974281
2378,1.065685
2379,1.059742
2380,0.953132
2381,0.782313
2382,0.560020
2383,0.312505
2384,0.060140
2385,-0.184859
2386,-0.411071
2387,-0.630852
2388,-0.817900
2389,-0.945671
2390,-1.008292
2391,-1.002720
2392,-0.931360
2393,-0.791839
2394,-0.581137
2395,-0.313649
2396,-0.029082
2397,0.233314
2398,0.470938
2399,0.682987
2400,0.844628
2401,0.973693
2402,1.068082
2403,1.068867
2404,0.993636
2405,0.863159
2406,0.657069
2407,0.406505
2408,0.116692
2409,-0.210211
2410,-0.546291
2411,-0.824418
2412,-1.004338
2413,-1.098223
2414,-1.106994
2415,-1.040232
2416,-0.929768
2417,-0.768901
2418,-0.536894
2419,-0.273248
2420,-0.018180
2421,0.232996
2422,0.460474
2423,0.659291
2424,0.842891
2425,1.000105
2426,1.086413
2427,1.104046
2428,1.043933
2429,0.871950
2430,0.639414
2431,0.405820
2432,0.172156
2433,-0.081302
2434,-0.332936
2435,-0.567504
2436,-0.768803
2437,-0.890845
2438,-0.920846
2439,-0.914025
2440,-0.882370
2441,-0.772533
2442,-0.582997
2443,-0.377728
2444,-0.156644
2445,0.088724
2446,0.338119
2447,0.588428
2448,0.803415
2449,0.931854
2450,0.964646
2451,0.961637
2452,0.921636
2453,0.816903
2454,0.686322
2455,0.521741
2456,0.300912
2457,0.046561
2458,-0.221346
2459,-0.488439
2460,-0.709770
2461,-0.822999
2462,-0.875615
2463,-0.917909
2464,-0.915593
2465,-0.831695
2466,-0.696829
2467,-0.497853
2468,-0.215782
2469,0.077849
2470,0.318834
2471,0.514860
2472,0.687079
2473,0.839159
2474,0.954708
2475,1.013194
2476,0.985507
2477,0.863434
2478,0.698522
2479,0.529542
2480,0.316268
2481,0.054797
2482,-0.229402
2483,-0.513825
2484,-0.765743
2485,-0.963276
2486,-1.112828
2487,-1.183655
2488,-1.144680
2489,-1.013253
2490,-0.816554
2491,-0.588432
2492,-0.304488
2493,0.035640
2494,0.376460
2495,0.688786
2496,0.931139
2497,1.078695
2498,1.157125
2499,1.169573
2500,1.104116
2501,0.950980
2502,0.731055
2503,0.487305
2504,0.218992
2505,-0.066409
2506,-0.347004
2507,-0.579050
2508,-0.738384
2509,-0.842301
2510,-0.891010
2511,-0.885494
2512,-0.824739
2513,-0.697816
2514,-0.510814
2515,-0.254689
2516,0.028099
2517,0.274969
2518,0.511382
2519,0.740421
2520,0.921373
2521,1.013791
2522,0.998429
2523,0.901590
2524,0.731148
2525,0.503274
2526,0.271509
2527,0.068992
2528,-0.130276
2529,-0.356087
2530,-0.560929
2531,-0.689772
2532,-0.736010
2533,-0.715676
2534,-0.661991
2535,-0.601177
2536,-0.520734
2537,-0.426358
2538,-0.314710
2539,-0.156562
2540,0.045745
2541,0.261655
2542,0.454332
2543,0.585027
2544,0.668913
2545,0.712767
2546,0.703828
2547,0.647660
2548,0.547977
2549,0.398749
2550,0.187558
2551,-0.053357
2552,-0.272785
2553,-0.451305
2554,-0.623130
2555,-0.747806
2556,-0.783347
2557,-0.755755
2558,-0.696940
2559,-0.601719
2560,-0.469552
2561,-0.319787
2562,-0.181892
2563,-0.052878
2564,0.075506
2565,0.219886
2566,0.374266
2567,0.493800
2568,0.553504
2569,0.550475
2570,0.512027
2571,0.441083
2572,0.341646
2573,0.254568
2574,0.204588
2575,0.167287
2576,0.100160
2577,-0.008232
2578,-0.112450
2579,-0.205381
2580,-0.324222
2581,-0.492065
2582,-0.685520
2583,-0.829666
2584,-0.893342
2585,-0.870379
2586,-0.745851
2587,-0.563352
2588,-0.351483
2589,-0.119597
2590,0.122831
2591,0.382279
2592,0.635707
2593,0.835283
2594,0.914512
2595,0.912988
2596,0.885422
2597,0.810077
2598,0.700945
2599,0.548870
2600,0.347118
2601,0.076433
2602,-0.226993
2603,-0.494380
2604,-0.695815
2605,-0.841960
2606,-0.987070
2607,-1.097063
2608,-1.100902
2609,-0.997030
2610,-0.790710
2611,-0.521244
2612,-0.231670
2613,0.064093
2614,0.354942
2615,0.623572
2616,0.866260
2617,1.061363
2618,1.168748
2619,1.137251
2620,0.955791
2621,0.717468
2622,0.481248
2623,0.230769
2624,-0.051507
2625,-0.336190
2626,-0.591776
2627,-0.815187
2628,-0.963291
2629,-1.030947
2630,-1.025988
2631,-0.946654
2632,-0.820449
2633,-0.632178
2634,-0.405958
2635,-0.155463
2636,0.106655
2637,0.372814
2638,0.597396
2639,0.735779
2640,0.792779
2641,0.776637
2642,0.726764
2643,0.649287
2644,0.546709
2645,0.416943
2646,0.241494
2647,0.008987
2648,-0.224292
2649,-0.426410
2650,-0.622750
2651,-0.789670
2652,-0.913190
2653,-0.962022
2654,-0.897129
2655,-0.755391
2656,-0.548690
2657,-0.289723
2658,-0.055480
2659,0.129079
2660,0.300726
2661,0.460487
2662,0.592546
2663,0.694801
2664,0.755962
2665,0.739885
2666,0.649925
2667,0.545799
2668,0.425333
2669,0.283992
2670,0.116765
2671,-0.095469
2672,-0.310336
2673,-0.480218
2674,-0.594909
2675,-0.637868
2676,-0.643126
2677,-0.676952
2678,-0.681615
2679,-0.623071
2680,-0.519501
2681,-0.359733
2682,-0.171381
2683,0.012629
2684,0.190541
2685,0.370453
2686,0.524038
2687,0.633124
2688,0.678770
2689,0.680057
2690,0.673359
2691,0.649919
2692,0.587749
2693,0.476851
2694,0.340204
2695,0.163638
2696,-0.043021
2697,-0.236904
2698,-0.408899
2699,-0.540885
2700,-0.612156
2701,-0.654878
2702,-0.665859
2703,-0.621650
2704,-0.545176
2705,-0.417370
2706,-0.223837
2707,-0.012853
2708,0.202469
2709,0.401991
2710,0.564329
2711,0.698784
2712,0.783706
2713,0.804686
2714,0.747164
2715,0.623372
2716,0.478537
2717,0.314339
2718,0.129197
2719,-0.053554
2720,-0.225543
2721,-0.387017
2722,-0.533116
2723,-0.644320
2724,-0.705198
2725,-0.671531
2726,-0.568668
2727,-0.438663
2728,-0.296014
2729,-0.167125
2730,-0.021438
2731,0.130613
2732,0.279070
2733,0.408091
2734,0.442599
2735,0.413342
2736,0.350264
2737,0.261757
2738,0.154076
2739,0.024295
2740,-0.137520
2741,-0.294223
2742,-0.411908
2743,-0.462378
2744,-0.430981
2745,-0.367151
2746,-0.292575
2747,-0.192686
2748,-0.078677
2749,0.073946
2750,0.239095
2751,0.371083
2752,0.463494
2753,0.511919
2754,0.538927
2755,0.546003
2756,0.525052
2757,0.452964
2758,0.324379
2759,0.187115
2760,0.062340
2761,-0.065524
2762,-0.165936
2763,-0.253444
2764,-0.362484
2765,-0.453528
2766,-0.482243
2767,-0.473044
2768,-0.439856
2769,-0.381475
2770,-0.320040
2771,-0.246314
2772,-0.142118
2773,-0.009718
2774,0.130353
2775,0.273909
2776,0.403700
2777,0.513156
2778,0.604003
2779,0.678631
2780,0.705373
2781,0.683241
2782,0.603578
2783,0.463686
2784,0.289861
2785,0.085938
2786,-0.135723
2787,-0.322118
2788,-0.476151
2789,-0.569851
2790,-0.626460
2791,-0.662062
2792,-0.652819
2793,-0.596832
2794,-0.487088
2795,-0.355096
2796,-0.208813
2797,-0.026180
2798,0.169419
2799,0.364055
2800,0.550442
2801,0.697889
2802,0.776638
2803,0.783372
2804,0.737264
2805,0.644664
2806,0.526274
2807,0.392927
2808,0.231280
2809,0.038391
2810,-0.160151
2811,-0.310098
2812,-0.403640
2813,-0.441100
2814,-0.427141
2815,-0.384531
2816,-0.328538
2817,-0.260013
2818,-0.191467
2819,-0.116133
2820,-0.032093
2821,0.080296
2822,0.230638
2823,0.400385
2824,0.569892
2825,0.700092
2826,0.746918
2827,0.726771
2828,0.666275
2829,0.582972
2830,0.470697
2831,0.305081
2832,0.090725
2833,-0.115163
2834,-0.266018
2835,-0.356516
2836,-0.425160
2837,-0.487004
2838,-0.552194
2839,-0.600417
2840,-0.585515
2841,-0.483160
2842,-0.334467
2843,-0.172080
2844,-0.011483
2845,0.145523
2846,0.322377
2847,0.548644
2848,0.767935
2849,0.891811
2850,0.909876
2851,0.825697
2852,0.668391
2853,0.480834
2854,0.280375
2855,0.083119
2856,-0.095327
2857,-0.238425
2858,-0.351991
2859,-0.426909
2860,-0.450335
2861,-0.433886
2862,-0.376619
2863,-0.261259
2864,-0.113088
2865,0.026864
2866,0.147025
2867,0.252821
2868,0.318248
2869,0.352655
2870,0.396156
2871,0.416605
2872,0.380332
2873,0.313339
2874,0.225431
2875,0.147106
2876,0.084457
2877,-0.005420
2878,-0.125016
2879,-0.217387
2880,-0.263216
2881,-0.265350
2882,-0.258098
2883,-0.290733
2884,-0.321441
2885,-0.287374
2886,-0.198868
2887,-0.069162
2888,0.071746
2889,0.186783
2890,0.271083
2891,0.328860
2892,0.369970
2893,0.356807
2894,0.278593
2895,0.191861
2896,0.102852
2897,0.024148
2898,-0.060421
2899,-0.176869
2900,-0.300203
2901,-0.384222
2902,-0.416732
2903,-0.423488
2904,-0.417338
2905,-0.407848
2906,-0.357084
2907,-0.239981
2908,-0.069571
2909,0.117282
2910,0.296816
2911,0.454834
2912,0.567965
2913,0.626357
2914,0.609708
2915,0.514818
2916,0.393178
2917,0.265158
2918,0.119907
2919,-0.028954
2920,-0.165008
2921,-0.276966
2922,-0.364481
2923,-0.428511
2924,-0.502553
2925,-0.564438
2926,-0.570337
2927,-0.519084
2928,-0.429791
2929,-0.329595
2930,-0.199311
2931,-0.009818
2932,0.211288
2933,0.449109
2934,0.641384
2935,0.734941
2936,0.747831
2937,0.726206
2938,0.685861
2939,0.616614
2940,0.492462
2941,0.322550
2942,0.123416
2943,-0.104685
2944,-0.331609
2945,-0.536864
2946,-0.710203
2947,-0.838279
2948,-0.850417
2949,-0.756428
2950,-0.622027
2951,-0.467013
2952,-0.277049
2953,-0.045917
2954,0.180131
2955,0.367450
2956,0.522118
2957,0.643099
2958,0.691073
2959,0.667662
2960,0.634883
2961,0.582295
2962,0.476050
2963,0.312716
2964,0.108196
2965,-0.115043
2966,-0.343444
2967,-0.536641
2968,-0.650681
2969,-0.696651
2970,-0.691704
2971,-0.648285
2972,-0.584024
2973,-0.525394
2974,-0.439443
2975,-0.325390
2976,-0.188722
2977,-0.023150
2978,0.148099
2979,0.310369
2980,0.427618
2981,0.520165
2982,0.589601
2983,0.600746
2984,0.539909
2985,0.405367
2986,0.253675
2987,0.084362
2988,-0.086751
2989,-0.228395
2990,-0.358897
2991,-0.495338
2992,-0.605786
2993,-0.668369
2994,-0.675169
2995,-0.613722
2996,-0.513821
2997,-0.408243
2998,-0.242504
2999,-0.019840
3000,0.192733
3001,0.369487
3002,0.470687
3003,0.507280
3004,0.535801
3005,0.546073
3006,0.494162
3007,0.424460
3008,0.308007
3009,0.123788
3010,-0.066809
3011,-0.249559
3012,-0.390475
3013,-0.484719
3014,-0.525084
3015,-0.510765
3016,-0.465836
3017,-0.397384
3018,-0.308242
3019,-0.190731
3020,-0.023339
3021,0.143898
3022,0.280620
3023,0.375379
3024,0.420925
3025,0.432239
3026,0.406678
3027,0.372191
3028,0.336855
3029,0.278271
3030,0.193858
3031,0.064741
3032,-0.058059
3033,-0.165847
3034,-0.262513
3035,-0.344982
3036,-0.414434
3037,-0.454251
3038,-0.479554
3039,-0.492233
3040,-0.463809
3041,-0.422938
3042,-0.345698
3043,-0.213985
3044,-0.063862
3045,0.082144
3046,0.192250
3047,0.243212
3048,0.283762
3049,0.332385
3050,0.379133
3051,0.393165
3052,0.337000
3053,0.228253
3054,0.088563
3055,-0.070445
3056,-0.232418
3057,-0.356243
3058,-0.441676
3059,-0.532739
3060,-0.598817
3061,-0.633902
3062,-0.660901
3063,-0.654516
3064,-0.587732
3065,-0.474219
3066,-0.343307
3067,-0.233299
3068,-0.117142
3069,0.026168
3070,0.178349
3071,0.333686
3072,0.453815
3073,0.542160
3074,0.594860
3075,0.594071
3076,0.574115
3077,0.496507
3078,0.329800
3079,0.097464
3080,-0.149504
3081,-0.356530
3082,-0.507786
3083,-0.645784
3084,-0.737149
3085,-0.760700
3086,-0.747202
3087,-0.673244
3088,-0.542025
3089,-0.390931
3090,-0.207362
3091,-0.005256
3092,0.208234
3093,0.406813
3094,0.564816
3095,0.660013
3096,0.680337
3097,0.646368
3098,0.567843
3099,0.475631
3100,0.368971
3101,0.190336
3102,-0.050160
3103,-0.309020
3104,-0.527379
3105,-0.651528
3106,-0.685280
3107,-0.656358
3108,-0.592239
3109,-0.520210
3110,-0.431094
3111,-0.304463
3112,-0.149072
3113,-0.008181
3114,0.104684
3115,0.216065
3116,0.333843
3117,0.436175
3118,0.499900
3119,0.477129
3120,0.398436
3121,0.327689
3122,0.228533
3123,0.086244
3124,-0.071806
3125,-0.225111
3126,-0.328591
3127,-0.359155
3128,-0.323249
3129,-0.267339
3130,-0.207227
3131,-0.140106
3132,-0.056925
3133,0.039695
3134,0.118204
3135,0.132026
3136,0.092112
3137,0.040227
3138,-0.006251
3139,-0.029389
3140,-0.035619
3141,-0.056673
3142,-0.081287
3143,-0.102334
3144,-0.160570
3145,-0.233166
3146,-0.254836
3147,-0.227459
3148,-0.182229
3149,-0.117563
3150,-0.037660
3151,0.035601
3152,0.079833
3153,0.089174
3154,0.111881
3155,0.147679
3156,0.150576
3157,0.136171
3158,0.109923
3159,0.066537
3160,0.021603
3161,-0.016019
3162,-0.022871
3163,-0.010769
3164,0.004998
3165,0.011863
3166,0.018522
3167,0.019116
3168,0.019405
3169,0.030559
3170,0.045139
3171,0.067618
3172,0.086506
3173,0.091375
3174,0.096202
3175,0.085806
3176,0.065436
3177,0.045558
3178,0.046308
3179,0.044080
3180,0.017657
3181,-0.019742
3182,-0.056937
3183,-0.070804
3184,-0.083633
3185,-0.113432
3186,-0.135470
3187,-0.111499
3188,-0.056333
3189,0.007031
3190,0.063305
3191,0.071737
3192,0.051592
3193,0.045500
3194,0.054257
3195,0.054661
3196,0.035430
3197,0.000149
3198,-0.060483
3199,-0.119322
3200,-0.179831
3201,-0.240485
3202,-0.267666
3203,-0.260470
3204,-0.235688
3205,-0.190577
3206,-0.133148
3207,-0.079023
3208,-0.012597
3209,0.067100
3210,0.149385
3211,0.194325
3212,0.164218
3213,0.059424
3214,-0.059517
3215,-0.138709
3216,-0.177042
3217,-0.195357
3218,-0.184982
3219,-0.138426
3220,-0.070309
3221,0.029805
3222,0.129097
3223,0.187714
3224,0.226291
3225,0.216981
3226,0.179722
3227,0.143505
3228,0.106657
3229,0.070329
3230,-0.006252
3231,-0.108512
3232,-0.203531
3233,-0.303478
3234,-0.378381
3235,-0.419154
3236,-0.457753
3237,-0.458495
3238,-0.390481
3239,-0.298714
3240,-0.181294
3241,-0.038221
3242,0.123637
3243,0.276925
3244,0.386896
3245,0.460968
3246,0.489929
3247,0.473912
3248,0.445503
3249,0.432365
3250,0.409167
3251,0.299432
3252,0.092124
3253,-0.161542
3254,-0.391066
3255,-0.573453
3256,-0.700045
3257,-0.736166
3258,-0.700817
3259,-0.599618
3260,-0.426105
3261,-0.245009
3262,-0.072561
3263,0.094265
3264,0.229152
3265,0.347695
3266,0.467418
3267,0.568967
3268,0.619805
3269,0.609799
3270,0.544141
3271,0.432060
3272,0.278042
3273,0.100831
3274,-0.085516
3275,-0.280044
3276,-0.446079
3277,-0.550546
3278,-0.597111
3279,-0.577765
3280,-0.521711
3281,-0.455112
3282,-0.382047
3283,-0.278460
3284,-0.158584
3285,-0.053402
3286,0.056333
3287,0.169335
3288,0.281535
3289,0.354171
3290,0.377688
3291,0.360413
3292,0.318992
3293,0.276059
3294,0.239875
3295,0.219623
3296,0.229870
3297,0.232401
3298,0.178894
3299,0.095701
3300,0.035986
3301,-0.017314
3302,-0.081616
3303,-0.141643
3304,-0.229311
3305,-0.322768
3306,-0.356211
3307,-0.340500
3308,-0.293290
3309,-0.207468
3310,-0.093038
3311,0.045205
3312,0.178905
3313,0.316863
3314,0.437932
3315,0.538847
3316,0.649724
3317,0.687438
3318,0.637926
3319,0.569527
3320,0.475895
3321,0.338792
3322,0.178655
3323,-0.008164
3324,-0.213654
3325,-0.374564
3326,-0.484538
3327,-0.576432
3328,-0.649729
3329,-0.665915
3330,-0.598151
3331,-0.466849
3332,-0.305999
3333,-0.128496
3334,0.054378
3335,0.239025
3336,0.420324
3337,0.565628
3338,0.668106
3339,0.736646
3340,0.755349
3341,0.723650
3342,0.625464
3343,0.445829
3344,0.219122
3345,-0.016557
3346,-0.236361
3347,-0.415660
3348,-0.559947
3349,-0.669592
3350,-0.728777
3351,-0.743150
3352,-0.707380
3353,-0.606710
3354,-0.447589
3355,-0.233880
3356,-0.010955
3357,0.190074
3358,0.354406
3359,0.507777
3360,0.646313
3361,0.747805
3362,0.765750
3363,0.683686
3364,0.577055
3365,0.478973
3366,0.372320
3367,0.232627
3368,0.086878
3369,-0.076374
3370,-0.257539
3371,-0.423092
3372,-0.569442
3373,-0.661830
3374,-0.675257
3375,-0.616986
3376,-0.521146
3377,-0.396521
3378,-0.243067
3379,-0.081390
3380,0.073319
3381,0.236850
3382,0.437777
3383,0.625241
3384,0.752488
3385,0.806253
3386,0.788494
3387,0.737711
3388,0.667377
3389,0.546659
3390,0.330465
3391,0.062745
3392,-0.194390
3393,-0.435538
3394,-0.677181
3395,-0.893344
3396,-1.043095
3397,-1.077673
3398,-1.002559
3399,-0.844904
3400,-0.633578
3401,-0.373320
3402,-0.078946
3403,0.249677
3404,0.573690
3405,0.824349
3406,1.030339
3407,1.150174
3408,1.129641
3409,1.014481
3410,0.844943
3411,0.605931
3412,0.292596
3413,-0.051180
3414,-0.357941
3415,-0.590126
3416,-0.761008
3417,-0.876232
3418,-0.893979
3419,-0.840064
3420,-0.759278
3421,-0.644218
3422,-0.478161
3423,-0.246315
3424,0.049557
3425,0.341200
3426,0.555587
3427,0.755941
3428,0.952661
3429,1.039236
3430,0.985228
3431,0.875100
3432,0.758709
3433,0.593696
3434,0.326979
3435,0.001731
3436,-0.316156
3437,-0.606547
3438,-0.872511
3439,-1.027563
3440,-1.047778
3441,-0.969879
3442,-0.798026
3443,-0.596419
3444,-0.361578
3445,-0.054257
3446,0.287776
3447,0.576240
3448,0.783020
3449,0.972813
3450,1.118456
3451,1.149856
3452,1.075037
3453,0.971385
3454,0.824833
3455,0.586891
3456,0.294662
3457,0.013179
3458,-0.246363
3459,-0.501848
3460,-0.719613
3461,-0.865496
3462,-0.970133
3463,-1.013488
3464,-0.956703
3465,-0.818020
3466,-0.606270
3467,-0.362596
3468,-0.108506
3469,0.145151
3470,0.361660
3471,0.524391
3472,0.635375
3473,0.727333
3474,0.796002
3475,0.806632
3476,0.747637
3477,0.643829
3478,0.480967
3479,0.250694
3480,0.000180
3481,-0.235231
3482,-0.464249
3483,-0.677758
3484,-0.853157
3485,-0.972193
3486,-0.993910
3487,-0.915907
3488,-0.759603
3489,-0.546758
3490,-0.296550
3491,-0.003981
3492,0.304497
3493,0.595307
3494,0.822001
3495,0.972059
3496,1.031473
3497,0.993143
3498,0.906276
3499,0.776315
3500,0.584899
3501,0.352521
3502,0.100331
3503,-0.173111
3504,-0.443999
3505,-0.671001
3506,-0.857040
3507,-0.961599
3508,-0.997850
3509,-0.992585
3510,-0.916172
3511,-0.752474
3512,-0.498593
3513,-0.184340
3514,0.142858
3515,0.446692
3516,0.711673
3517,0.936275
3518,1.065654
3519,1.087945
3520,1.030408
3521,0.893552
3522,0.676023
3523,0.407306
3524,0.142150
3525,-0.144220
3526,-0.447173
3527,-0.713344
3528,-0.898276
3529,-0.967915
3530,-0.933473
3531,-0.829651
3532,-0.684484
3533,-0.532610
3534,-0.362901
3535,-0.152309
3536,0.068024
3537,0.268099
3538,0.440061
3539,0.569588
3540,0.635072
3541,0.635600
3542,0.598558
3543,0.520202
3544,0.372584
3545,0.175410
3546,-0.025944
3547,-0.205657
3548,-0.370745
3549,-0.510966
3550,-0.611933
3551,-0.675086
3552,-0.682703
3553,-0.645250
3554,-0.584801
3555,-0.519698
3556,-0.429134
3557,-0.287241
3558,-0.126216
3559,0.054267
3560,0.262086
3561,0.472729
3562,0.646535
3563,0.766572
3564,0.828533
3565,0.795750
3566,0.677011
3567,0.497120
3568,0.284605
3569,0.078832
3570,-0.102720
3571,-0.283861
3572,-0.466357
3573,-0.636651
3574,-0.760741
3575,-0.844338
3576,-0.854364
3577,-0.772316
3578,-0.633650
3579,-0.436557
3580,-0.208369
3581,0.027989
3582,0.270765
3583,0.515985
3584,0.719943
3585,0.846776
3586,0.879508
3587,0.791860
3588,0.641328
3589,0.474832
3590,0.296133
3591,0.138475
3592,0.002205
3593,-0.136901
3594,-0.278497
3595,-0.421398
3596,-0.549139
3597,-0.648917
3598,-0.686207
3599,-0.658506
3600,-0.595754
3601,-0.497716
3602,-0.399418
3603,-0.318601
3604,-0.223932
3605,-0.121742
3606,-0.016116
3607,0.091312
3608,0.187323
3609,0.248386
3610,0.313576
3611,0.368337
3612,0.346455
3613,0.276803
3614,0.179194
3615,0.064747
3616,-0.025489
3617,-0.073341
3618,-0.119834
3619,-0.178600
3620,-0.259038
3621,-0.321552
3622,-0.339704
3623,-0.330634
3624,-0.288574
3625,-0.242924
3626,-0.202267
3627,-0.130317
3628,-0.023901
3629,0.109971
3630,0.253158
3631,0.327706
3632,0.334148
3633,0.321632
3634,0.293332
3635,0.246707
3636,0.201464
3637,0.158515
3638,0.129285
3639,0.096119
3640,0.023011
3641,-0.073782
3642,-0.193476
3643,-0.291671
3644,-0.316288
3645,-0.307446
3646,-0.283830
3647,-0.230802
3648,-0.150130
3649,-0.073035
3650,-0.002543
3651,0.091385
3652,0.184013
3653,0.271472
3654,0.344102
3655,0.383784
3656,0.377163
3657,0.327536
3658,0.269960
3659,0.209631
3660,0.126318
3661,0.018955
3662,-0.128597
3663,-0.284257
3664,-0.391435
3665,-0.422536
3666,-0.392345
3667,-0.348229
3668,-0.303606
3669,-0.241268
3670,-0.145731
3671,-0.024963
3672,0.088886
3673,0.196442
3674,0.298878
3675,0.401490
3676,0.488155
3677,0.516741
3678,0.479503
3679,0.392784
3680,0.289474
3681,0.177496
3682,0.052604
3683,-0.082188
3684,-0.209458
3685,-0.316216
3686,-0.405932
3687,-0.467972
3688,-0.486016
3689,-0.471651
3690,-0.399550
3691,-0.259738
3692,-0.091903
3693,0.089897
3694,0.235027
3695,0.320496
3696,0.386380
3697,0.479207
3698,0.568906
3699,0.601717
3700,0.554100
3701,0.426581
3702,0.280295
3703,0.143931
3704,0.030684
3705,-0.053576
3706,-0.167969
3707,-0.293689
3708,-0.391021
3709,-0.464463
3710,-0.487936
3711,-0.443811
3712,-0.388987
3713,-0.315706
3714,-0.204803
3715,-0.064631
3716,0.108535
3717,0.273146
3718,0.394842
3719,0.490277
3720,0.551833
3721,0.589434
3722,0.571638
3723,0.471616
3724,0.322622
3725,0.142846
3726,-0.044547
3727,-0.233263
3728,-0.421209
3729,-0.596935
3730,-0.708411
3731,-0.723589
3732,-0.661265
3733,-0.521212
3734,-0.347381
3735,-0.179922
3736,-0.025934
3737,0.100537
3738,0.211545
3739,0.305274
3740,0.365800
3741,0.393336
3742,0.399153
3743,0.396777
3744,0.361897
3745,0.303510
3746,0.252961
3747,0.220590
3748,0.195343
3749,0.179591
3750,0.146415
3751,0.090198
3752,0.014905
3753,-0.061395
3754,-0.118493
3755,-0.140236
3756,-0.122974
3757,-0.075264
3758,-0.031551
3759,-0.016504
3760,-0.022525
3761,-0.043047
3762,-0.034310
3763,0.019105
3764,0.044661
3765,0.044446
3766,0.035497
3767,0.033717
3768,0.059882
3769,0.110146
3770,0.161662
3771,0.202065
3772,0.254070
3773,0.288371
3774,0.276678
3775,0.260172
3776,0.235618
3777,0.197039
3778,0.168131
3779,0.134662
3780,0.071096
3781,-0.009315
3782,-0.069799
3783,-0.081196
3784,-0.097192
3785,-0.127204
3786,-0.153320
3787,-0.187565
3788,-0.189865
3789,-0.122558
3790,-0.036015
3791,0.028901
3792,0.079108
3793,0.131834
3794,0.191488
3795,0.251435
3796,0.280548
3797,0.278529
3798,0.254891
3799,0.202068
3800,0.149179
3801,0.090512
3802,0.019217
3803,-0.055806
3804,-0.131084
3805,-0.203510
3806,-0.271057
3807,-0.285525
3808,-0.261764
3809,-0.208636
3810,-0.107682
3811,0.042885
3812,0.220847
3813,0.406029
3814,0.518821
3815,0.526361
3816,0.463764
3817,0.378925
3818,0.309418
3819,0.234392
3820,0.133601
3821,0.041944
3822,-0.028633
3823,-0.070588
3824,-0.075340
3825,-0.050938
3826,-0.022621
3827,0.010016
3828,0.036820
3829,0.027112
3830,0.013025
3831,0.043010
3832,0.084168
3833,0.084756
3834,0.071355
3835,0.067147
3836,0.070628
3837,0.085472
3838,0.111453
3839,0.150274
3840,0.194882
3841,0.241220
3842,0.275365
3843,0.290302
3844,0.259011
3845,0.189808
3846,0.114517
3847,-0.012408
3848,-0.154972
3849,-0.284115
3850,-0.422684
3851,-0.549974
3852,-0.619267
3853,-0.608655
3854,-0.512994
3855,-0.358458
3856,-0.228293
3857,-0.114708
3858,0.048866
3859,0.252995
3860,0.418334
3861,0.534698
3862,0.602947
3863,0.600141
3864,0.532162
3865,0.421199
3866,0.298308
3867,0.144690
3868,-0.015922
3869,-0.156159
3870,-0.286552
3871,-0.415419
3872,-0.507328
3873,-0.529506
3874,-0.534763
3875,-0.543803
3876,-0.507520
3877,-0.417208
3878,-0.318821
3879,-0.225103
3880,-0.126402
3881,0.007402
3882,0.187778
3883,0.369565
3884,0.522457
3885,0.621440
3886,0.668826
3887,0.685729
3888,0.650288
3889,0.540423
3890,0.393795
3891,0.229445
3892,0.038713
3893,-0.157852
3894,-0.340129
3895,-0.489038
3896,-0.596175
3897,-0.684524
3898,-0.754762
3899,-0.771356
3900,-0.740101
3901,-0.652274
3902,-0.504969
3903,-0.337337
3904,-0.143322
3905,0.095680
3906,0.377972
3907,0.611093
3908,0.743685
3909,0.809327
3910,0.807137
3911,0.744130
3912,0.601225
3913,0.372420
3914,0.155962
3915,-0.027263
3916,-0.217434
3917,-0.396836
3918,-0.524097
3919,-0.621093
3920,-0.712686
3921,-0.740186
3922,-0.714272
3923,-0.655700
3924,-0.588182
3925,-0.513193
3926,-0.361844
3927,-0.133066
3928,0.119514
3929,0.354670
3930,0.536671
3931,0.668919
3932,0.777451
3933,0.864518
3934,0.889907
3935,0.799734
3936,0.659055
3937,0.489843
3938,0.260859
3939,-0.016397
3940,-0.317299
3941,-0.582089
3942,-0.758187
3943,-0.880466
3944,-0.906700
3945,-0.844090
3946,-0.730812
3947,-0.556029
3948,-0.294970
3949,0.017961
3950,0.300698
3951,0.525076
3952,0.726027
3953,0.862412
3954,0.908496
3955,0.900395
3956,0.852273
3957,0.762341
3958,0.565722
3959,0.282555
3960,-0.007148
3961,-0.269402
3962,-0.524627
3963,-0.768849
3964,-0.971695
3965,-1.107699
3966,-1.159328
3967,-1.136845
3968,-1.033527
3969,-0.851115
3970,-0.613402
3971,-0.352770
3972,-0.076517
3973,0.204848
3974,0.487297
3975,0.767669
3976,0.995984
3977,1.107639
3978,1.087376
3979,0.956113
3980,0.765773
3981,0.538206
3982,0.279490
3983,0.015308
3984,-0.246909
3985,-0.536484
3986,-0.818250
3987,-1.026312
3988,-1.133917
3989,-1.146426
3990,-1.062555
3991,-0.887216
3992,-0.651809
3993,-0.385925
3994,-0.111514
3995,0.181049
3996,0.471003
3997,0.675804
3998,0.805354
3999,0.888037
4000,0.914926
4001,0.882306
4002,0.781546
4003,0.619500
4004,0.416138
4005,0.193686
4006,-0.027226
4007,-0.232599
4008,-0.420749
4009,-0.613633
4010,-0.761231
4011,-0.834917
4012,-0.879300
4013,-0.869355
4014,-0.807773
4015,-0.716016
4016,-0.556396
4017,-0.329572
4018,-0.079563
4019,0.142027
4020,0.336696
4021,0.553941
4022,0.744781
4023,0.817347
4024,0.800178
4025,0.733146
4026,0.665176
4027,0.563101
4028,0.379377
4029,0.165237
4030,-0.054578
4031,-0.300875
4032,-0.541648
4033,-0.725476
4034,-0.859055
4035,-0.929830
4036,-0.916849
4037,-0.862881
4038,-0.776589
4039,-0.654066
4040,-0.475503
4041,-0.237637
4042,0.030019
4043,0.294013
4044,0.523827
4045,0.680973
4046,0.761856
4047,0.781601
4048,0.754709
4049,0.702504
4050,0.619557
4051,0.498951
4052,0.364069
4053,0.230548
4054,0.085240
4055,-0.079936
4056,-0.252441
4057,-0.416018
4058,-0.536806
4059,-0.618711
4060,-0.674636
4061,-0.683855
4062,-0.624635
4063,-0.518522
4064,-0.389015
4065,-0.239221
4066,-0.085056
4067,0.073572
4068,0.251546
4069,0.450485
4070,0.615389
4071,0.675432
4072,0.652803
4073,0.557870
4074,0.413413
4075,0.242236
4076,0.054220
4077,-0.155962
4078,-0.363164
4079,-0.538617
4080,-0.684369
4081,-0.792611
4082,-0.859859
4083,-0.872467
4084,-0.835349
4085,-0.740198
4086,-0.583316
4087,-0.365604
4088,-0.133559
4089,0.031827
4090,0.186169
4091,0.353499
4092,0.476314
4093,0.571202
4094,0.643467
4095,0.683377
4096,0.690547
4097,0.644381
4098,0.546295
4099,0.404598
4100,0.229756
4101,0.013334
4102,-0.230502
4103,-0.472852
4104,-0.694754
4105,-0.886298
4106,-1.018098
4107,-1.073390
4108,-1.033103
4109,-0.886306
4110,-0.656036
4111,-0.388822
4112,-0.113775
4113,0.157115
4114,0.433201
4115,0.693242
4116,0.888994
4117,0.988791
4118,1.008367
4119,0.985564
4120,0.889508
4121,0.711571
4122,0.480181
4123,0.186315
4124,-0.132336
4125,-0.438947
4126,-0.693865
4127,-0.909324
4128,-1.078360
4129,-1.156392
4130,-1.155891
4131,-1.065873
4132,-0.883346
4133,-0.644672
4134,-0.327022
4135,0.075411
4136,0.492769
4137,0.815504
4138,1.013104
4139,1.092124
4140,1.069532
4141,0.985805
4142,0.845018
4143,0.634557
4144,0.369563
4145,0.076962
4146,-0.208231
4147,-0.444834
4148,-0.639723
4149,-0.798639
4150,-0.891600
4151,-0.905977
4152,-0.840564
4153,-0.689803
4154,-0.485023
4155,-0.256186
4156,-0.018651
4157,0.209916
4158,0.427938
4159,0.601179
4160,0.711366
4161,0.757635
4162,0.723406
4163,0.613381
4164,0.449630
4165,0.253337
4166,0.092142
4167,-0.024392
4168,-0.121359
4169,-0.225621
4170,-0.316962
4171,-0.391853
4172,-0.439500
4173,-0.474177
4174,-0.489631
4175,-0.448929
4176,-0.364324
4177,-0.257197
4178,-0.123321
4179,0.018998
4180,0.139341
4181,0.226760
4182,0.284029
4183,0.329791
4184,0.365089
4185,0.379487
4186,0.357821
4187,0.287418
4188,0.170610
4189,0.064786
4190,-0.017463
4191,-0.084725
4192,-0.145211
4193,-0.200371
4194,-0.258477
4195,-0.349947
4196,-0.445142
4197,-0.504524
4198,-0.508879
4199,-0.453537
4200,-0.372359
4201,-0.288911
4202,-0.210935
4203,-0.124425
4204,0.004660
4205,0.150150
4206,0.284200
4207,0.393451
4208,0.476336
4209,0.519746
4210,0.511615
4211,0.433106
4212,0.283922
4213,0.125910
4214,0.008758
4215,-0.077060
4216,-0.151034
4217,-0.240364
4218,-0.325445
4219,-0.373230
4220,-0.348964
4221,-0.294625
4222,-0.256445
4223,-0.237852
4224,-0.218615
4225,-0.187557
4226,-0.135628
4227,-0.065719
4228,0.009242
4229,0.075328
4230,0.118896
4231,0.170270
4232,0.222538
4233,0.265942
4234,0.256839
4235,0.201750
4236,0.110501
4237,0.021803
4238,-0.017506
4239,-0.029893
4240,-0.034807
4241,-0.065942
4242,-0.143562
4243,-0.223056
4244,-0.248572
4245,-0.227329
4246,-0.185406
4247,-0.137126
4248,-0.119589
4249,-0.136700
4250,-0.117559
4251,-0.061681
4252,-0.038311
4253,-0.013679
4254,0.023674
4255,0.055274
4256,0.117210
4257,0.167288
4258,0.173673
4259,0.162370
4260,0.159963
4261,0.184610
4262,0.217563
4263,0.230690
4264,0.209224
4265,0.159626
4266,0.103329
4267,0.040516
4268,0.001462
4269,-0.017976
4270,-0.035182
4271,-0.032394
4272,-0.017491
4273,0.010799
4274,0.063816
4275,0.170637
4276,0.315667
4277,0.412835
4278,0.433930
4279,0.375720
4280,0.261660
4281,0.162105
