timestep,charge_level,displacement_am,amplitude_am,frequency_rHz
1,0.000100,0.000000,0.000000,0.000000
2,0.000100,0.000000,0.000000,0.000000
3,0.000100,0.000000,0.000000,0.000000
4,0.000100,0.000000,0.000000,0.000000
5,0.000100,0.000000,0.000000,0.000000
6,0.000100,0.000000,0.000000,0.000000
7,0.000100,0.000000,0.000000,0.000000
8,0.000100,0.000000,0.000000,0.000000
9,0.000100,0.000000,0.000000,0.000000
10,0.000100,0.000000,0.000000,0.000000
11,0.000100,0.000000,0.000000,0.000000
12,0.000100,0.000000,0.000000,0.000000
13,0.000100,0.000000,0.000000,0.000000
14,0.000100,0.000000,0.000000,0.000000
15,0.000100,0.000000,0.000000,0.000000
16,0.000100,0.000000,0.000000,0.000000
17,0.000100,0.000000,0.000000,0.000000
18,0.000100,0.000000,0.000000,0.000000
19,0.000100,0.000000,0.000000,0.000000
20,0.000100,0.000000,0.000000,0.000000
21,0.000100,0.000000,0.000000,0.000000
22,0.000100,0.000000,0.000000,0.000000
23,0.000100,0.000000,0.000000,0.000000
24,0.000100,0.000000,0.000000,0.000000
25,0.000100,0.000000,0.000000,0.000000
26,0.000100,0.000000,0.000000,0.000000
27,0.000100,0.000000,0.000000,0.000000
28,0.000100,0.000000,0.000000,0.000000
29,0.000100,0.000000,0.000000,0.000000
30,0.000100,0.000000,0.000000,0.000000
31,0.000100,0.000000,0.000000,0.000000
32,0.000100,0.000000,0.000000,0.000000
33,0.000100,0.000000,0.000000,0.000000
34,0.000100,0.000000,0.000000,0.000000
35,0.000100,0.000000,0.000000,0.000000
36,0.000100,0.000000,0.000000,0.000000
37,0.000100,0.000000,0.000000,0.000000
38,0.000100,0.000000,0.000000,0.000000
39,0.000100,0.000000,0.000000,0.000000
40,0.000100,0.000000,0.000000,0.000000
41,0.000100,0.000000,0.000000,0.000000
42,0.000100,0.000000,0.000000,0.000000
43,0.000100,0.000000,0.000000,0.000000
44,0.000100,0.000000,0.000000,0.000000
45,0.000100,0.000000,0.000000,0.000000
46,0.000100,0.000000,0.000000,0.000000
47,0.000100,0.000000,0.000000,0.000000
48,0.000100,0.000000,0.000000,0.000000
49,0.000100,0.000000,0.000000,0.000000
50,0.000100,0.000000,0.000000,0.000000
51,0.000100,0.000000,0.000000,0.000000
52,0.000100,0.000000,0.000000,0.000000
53,0.000100,0.000000,0.000000,0.000000
54,0.000100,0.000000,0.000000,0.000000
55,0.000100,0.000000,0.000000,0.000000
56,0.000100,0.000000,0.000000,0.000000
57,0.000100,0.000000,0.000000,0.000000
58,0.000100,0.000000,0.000000,0.000000
59,0.000100,0.000000,0.000000,0.000000
60,0.000004,0.000000,0.000000,0.000000
61,0.000004,0.000000,0.000000,0.000000
62,0.000004,0.000000,0.000000,0.000000
63,0.000004,0.000000,0.000000,0.000000
64,0.000004,0.000000,0.000000,0.000000
65,0.000004,0.000000,0.000000,0.000000
66,0.000004,0.000000,0.000000,0.000000
67,0.000004,0.000000,0.000000,0.000000
68,0.000004,0.000000,0.000000,0.000000
69,0.000004,0.000000,0.000000,0.000000
70,0.000004,0.000000,0.000000,0.000000
71,0.000004,0.000000,0.000000,0.000000
72,0.000004,0.000000,0.000000,0.000000
73,0.000004,0.000000,0.000000,0.000000
74,0.000004,0.000000,0.000000,0.000000
75,0.000004,0.000000,0.000000,0.000000
76,0.000004,0.000000,0.000000,0.000000
77,0.000004,0.000000,0.000000,0.000000
78,0.000004,0.000000,0.000000,0.000000
79,0.000004,0.000000,0.000000,0.000000
80,0.000004,0.000000,0.000000,0.000000
81,0.000004,0.000000,0.000000,0.000000
82,0.000004,0.000000,0.000000,0.000000
83,0.000004,0.000000,0.000000,0.000000
84,0.000004,0.000000,0.000000,0.000000
85,0.000004,0.000000,0.000000,0.000000
86,0.000004,0.000000,0.000000,0.000000
87,0.000004,0.000000,0.000000,0.000000
88,0.000004,0.000000,0.000000,0.000000
89,0.000004,0.000000,0.000000,0.000000
90,0.000004,0.000000,0.000000,0.000000
91,0.000004,0.000000,0.000000,0.000000
92,0.000004,0.000000,0.000000,0.000000
93,0.000004,0.000000,0.000000,0.000000
94,0.000004,0.000000,0.000000,0.000000
95,0.000004,0.000000,0.000000,0.000000
96,0.000004,0.000000,0.000000,0.000000
97,0.000004,0.000000,0.000000,0.000000
98,0.000004,0.000000,0.000000,0.000000
99,0.000004,0.000000,0.000000,0.000000
100,0.000004,0.000000,0.000000,0.000000
101,0.000004,0.000000,0.000000,0.000000
102,0.000004,0.000000,0.000000,0.000000
103,0.000004,0.000000,0.000000,0.000000
104,0.000004,0.000000,0.000000,0.000000
105,0.000004,0.000000,0.000000,0.000000
106,0.000004,0.000000,0.000000,0.000000
107,0.000004,0.000000,0.000000,0.000000
108,0.000004,0.000000,0.000000,0.000000
109,0.000004,0.000000,0.000000,0.000000
110,0.000004,0.000000,0.000000,0.000000
111,0.000004,0.000000,0.000000,0.000000
112,0.000004,0.000000,0.000000,0.000000
113,0.000004,0.000001,0.000000,0.000000
114,0.000004,0.000001,0.000000,0.000000
115,0.000004,0.000004,0.000000,0.000000
116,0.000004,0.000006,0.000000,0.000000
117,0.000004,0.000023,0.000001,0.000000
118,0.000004,0.000034,0.000002,0.000000
119,0.000004,0.000109,0.000004,0.000000
120,0.000116,0.000159,0.000012,0.000000
121,0.000116,0.000451,0.000020,0.000000
122,0.000116,0.000659,0.000049,0.000000
123,0.000116,0.001664,0.000082,0.000000
124,0.000116,0.002410,0.000185,0.000000
125,0.000116,0.005433,0.000303,0.000000
126,0.000116,0.007772,0.000622,0.000000
127,0.000116,0.015691,0.000993,0.000000
128,0.000116,0.022059,0.001854,0.000000
129,0.000116,0.039973,0.002876,0.000000
130,0.000116,0.054894,0.004916,0.000000
131,0.000116,0.089394,0.007352,0.000000
132,0.000116,0.119035,0.011551,0.000000
133,0.000116,0.174225,0.016547,0.000000
134,0.000116,0.222810,0.023971,0.000000
135,0.000116,0.292538,0.032639,0.000000
136,0.000116,0.354629,0.043708,0.000000
137,0.000116,0.415224,0.056115,0.000000
138,0.000116,0.467779,0.069581,0.000000
139,0.000116,0.481141,0.083554,0.000000
140,0.000116,0.485967,0.096054,0.000000
141,0.000116,0.420624,0.107219,0.000000
142,0.000116,0.346837,0.114674,0.000000
143,0.000116,0.208027,0.119254,0.000000
144,0.000116,0.065731,0.120466,0.000000
145,0.000116,-0.093540,0.120043,0.000000
146,0.000116,-0.241740,0.119806,0.000000
147,0.000116,-0.350212,0.121632,0.000000
148,0.000116,-0.427419,0.125988,0.000000
149,0.000116,-0.446136,0.132443,0.000000
150,0.000116,-0.423272,0.139126,0.000000
151,0.000116,-0.365809,0.144755,0.000000
152,0.000116,-0.277820,0.148603,0.000000
153,0.000116,-0.179732,0.150445,0.000000
154,0.000116,-0.072940,0.150766,0.000000
155,0.000116,0.044238,0.150188,0.000000
156,0.000116,0.157932,0.149500,0.000155
157,0.000116,0.278882,0.149587,0.000155
158,0.000116,0.391770,0.151427,0.000155
159,0.000116,0.480890,0.155679,0.000155
160,0.000116,0.545637,0.162191,0.000155
161,0.000116,0.560915,0.170353,0.000155
162,0.000116,0.530963,0.178539,0.000155
163,0.000116,0.465640,0.185409,0.000155
164,0.000116,0.362290,0.190266,0.000155
165,0.000116,0.246820,0.192748,0.000155
166,0.000116,0.128263,0.193363,0.000155
167,0.000116,-0.005702,0.192821,0.000155
168,0.000116,-0.117933,0.191855,0.000155
169,0.000116,-0.242425,0.191258,0.000155
170,0.000116,-0.340343,0.191837,0.000155
171,0.000116,-0.410842,0.193886,0.000155
172,0.000116,-0.447478,0.197240,0.000155
173,0.000116,-0.429904,0.201288,0.000155
174,0.000116,-0.373732,0.204841,0.000155
175,0.000116,-0.285830,0.207213,0.000155
176,0.000116,-0.177595,0.208146,0.000155
177,0.000116,-0.058901,0.207863,0.000155
178,0.000116,0.056594,0.206905,0.000155
179,0.000116,0.185766,0.205945,0.001188
180,0.000935,0.305109,0.205753,0.001188
181,0.000935,0.416123,0.206983,0.001188
182,0.000935,0.505213,0.210108,0.001188
183,0.000935,0.550189,0.215072,0.001188
184,0.000935,0.548576,0.220954,0.001188
185,0.000935,0.514199,0.226587,0.001188
186,0.000935,0.436249,0.231241,0.001188
187,0.000935,0.347399,0.234181,0.001188
188,0.000935,0.241843,0.235583,0.001188
189,0.000935,0.115553,0.235646,0.001188
190,0.000935,-0.025378,0.234750,0.001188
191,0.000935,-0.152192,0.233587,0.001188
192,0.000935,-0.292308,0.232914,0.001188
193,0.000935,-0.374470,0.233582,0.001188
194,0.000935,-0.418765,0.235409,0.001188
195,0.000935,-0.445956,0.237943,0.001188
196,0.000935,-0.404179,0.240914,0.001188
197,0.000935,-0.345462,0.243090,0.001188
198,0.000935,-0.270966,0.244326,0.001188
199,0.000935,-0.157385,0.244607,0.001188
200,0.000935,-0.061178,0.243889,0.001188
201,0.000935,0.042651,0.242744,0.001188
202,0.000935,0.189374,0.241564,0.002117
203,0.000935,0.335925,0.241098,0.002117
204,0.000935,0.470021,0.242231,0.002117
205,0.000935,0.537670,0.245557,0.002117
206,0.000935,0.531492,0.250172,0.002117
207,0.000935,0.514775,0.254529,0.002117
208,0.000935,0.473018,0.258432,0.002117
209,0.000935,0.434259,0.261451,0.002117
210,0.000935,0.388595,0.263740,0.002117
211,0.000935,0.212887,0.265280,0.002117
212,0.000935,0.025218,0.264807,0.002117
213,0.000935,-0.038981,0.263492,0.002117
214,0.000935,-0.140108,0.262200,0.002117
215,0.000935,-0.271531,0.261262,0.002117
216,0.000935,-0.325313,0.261366,0.002117
217,0.000935,-0.440736,0.262083,0.002117
218,0.000935,-0.585782,0.264468,0.002117
219,0.000935,-0.490744,0.269583,0.002117
220,0.000935,-0.310138,0.272684,0.002117
221,0.000935,-0.255765,0.273084,0.002117
222,0.000935,-0.167042,0.272916,0.002117
223,0.000935,-0.047472,0.272062,0.002117
224,0.000935,0.009822,0.270740,0.002117
225,0.000935,0.175716,0.269384,0.002953
226,0.000935,0.466921,0.268609,0.002953
227,0.000935,0.575413,0.271311,0.002953
228,0.000935,0.479564,0.276015,0.002953
229,0.000935,0.465014,0.278787,0.002953
230,0.000935,0.553163,0.281261,0.002953
231,0.000935,0.566992,0.285266,0.002953
232,0.000935,0.452133,0.289443,0.002953
233,0.000935,0.313365,0.291520,0.002953
234,0.000935,0.223770,0.291747,0.002953
235,0.000935,0.080444,0.291145,0.002953
236,0.000935,-0.083639,0.289798,0.002953
237,0.000935,-0.179188,0.288466,0.002953
238,0.000935,-0.310507,0.287579,0.002953
239,0.000935,-0.433497,0.287818,0.002953
240,0.003647,-0.434903,0.289637,0.002953
241,0.003647,-0.444048,0.291449,0.002953
242,0.003647,-0.491078,0.293368,0.002953
243,0.003647,-0.444001,0.295999,0.002953
244,0.003647,-0.260684,0.297844,0.002953
245,0.003647,-0.095742,0.297495,0.002953
246,0.003647,-0.001928,0.296159,0.002953
247,0.003647,0.099325,0.294674,0.002953
248,0.003647,0.170450,0.293365,0.003706
249,0.003647,0.267817,0.292392,0.003706
250,0.003647,0.473667,0.292156,0.003706
251,0.003647,0.602449,0.294526,0.003706
252,0.003647,0.594272,0.299178,0.003706
253,0.003647,0.551119,0.303552,0.003706
254,0.003647,0.495193,0.307018,0.003706
255,0.003647,0.415945,0.309466,0.003706
256,0.003647,0.302443,0.310712,0.003706
257,0.003647,0.212860,0.310630,0.003706
258,0.003647,0.079450,0.309805,0.003706
259,0.003647,-0.135537,0.308355,0.003706
260,0.003647,-0.273396,0.307108,0.003706
261,0.003647,-0.310852,0.306790,0.003706
262,0.003647,-0.368511,0.306830,0.003706
263,0.003647,-0.447719,0.307508,0.003706
264,0.003647,-0.462680,0.309225,0.003706
265,0.003647,-0.419510,0.311135,0.003706
266,0.003647,-0.364695,0.312405,0.003706
267,0.003647,-0.285958,0.312971,0.003706
268,0.003647,-0.174926,0.312712,0.003706
269,0.003647,-0.059323,0.311636,0.003706
270,0.003647,0.107243,0.310131,0.003706
271,0.003647,0.283917,0.308763,0.004383
272,0.003647,0.397455,0.308524,0.004383
273,0.003647,0.485650,0.309540,0.004383
274,0.003647,0.510815,0.311794,0.004383
275,0.003647,0.490902,0.314408,0.004383
276,0.003647,0.517949,0.316660,0.004383
277,0.003647,0.513630,0.319302,0.004383
278,0.003647,0.446922,0.321827,0.004383
279,0.003647,0.343198,0.323317,0.004383
280,0.003647,0.179768,0.323522,0.004383
281,0.003647,-0.018455,0.322402,0.004383
282,0.003647,-0.164627,0.320791,0.004383
283,0.003647,-0.216422,0.319608,0.004383
284,0.003647,-0.276376,0.318741,0.004383
285,0.003647,-0.393154,0.318345,0.004383
286,0.003647,-0.465791,0.319180,0.004383
287,0.003647,-0.509176,0.320978,0.004383
288,0.003647,-0.484246,0.323403,0.004383
289,0.003647,-0.370124,0.325405,0.004383
290,0.003647,-0.271207,0.325882,0.004383
291,0.003647,-0.170767,0.325381,0.004383
292,0.003647,-0.009254,0.324200,0.004383
293,0.003647,0.177092,0.322576,0.004383
294,0.003647,0.292272,0.321448,0.004993
295,0.003647,0.342006,0.321169,0.004993
296,0.003647,0.421346,0.321384,0.004993
297,0.003647,0.527541,0.322537,0.004993
298,0.003647,0.599147,0.325227,0.004993
299,0.003647,0.605717,0.329097,0.004993
300,0.009672,0.508439,0.333003,0.004993
301,0.009672,0.355890,0.335212,0.004993
302,0.009672,0.245047,0.335425,0.004993
303,0.009672,0.143365,0.334642,0.004993
304,0.009672,0.011447,0.333273,0.004993
305,0.009672,-0.098684,0.331605,0.004993
306,0.009672,-0.195240,0.330090,0.004993
307,0.009672,-0.317387,0.329015,0.004993
308,0.009672,-0.453444,0.328901,0.004993
309,0.009672,-0.539242,0.330379,0.004993
310,0.009672,-0.511207,0.333116,0.004993
311,0.009672,-0.403217,0.335366,0.004993
312,0.009672,-0.343664,0.336112,0.004993
313,0.009672,-0.305870,0.336188,0.004993
314,0.009672,-0.168269,0.335899,0.004993
315,0.009672,0.000373,0.334638,0.004993
316,0.009672,0.116613,0.332961,0.005589
317,0.009672,0.245959,0.331497,0.005589
318,0.009672,0.392284,0.330751,0.005589
319,0.009672,0.493597,0.331423,0.005589
320,0.009672,0.522413,0.333436,0.005589
321,0.009672,0.503168,0.335852,0.005589
322,0.009672,0.485851,0.337936,0.005589
323,0.009672,0.456528,0.339734,0.005589
324,0.009672,0.396239,0.341100,0.005589
325,0.009672,0.310929,0.341695,0.005589
326,0.009672,0.186241,0.341401,0.005589
327,0.009672,0.060147,0.340200,0.005589
328,0.009672,-0.087979,0.338548,0.005589
329,0.009672,-0.256921,0.336966,0.005589
330,0.009672,-0.367012,0.336260,0.005589
331,0.009672,-0.426057,0.336581,0.005589
332,0.009672,-0.455045,0.337594,0.005589
333,0.009672,-0.434250,0.338970,0.005589
334,0.009672,-0.414058,0.340055,0.005589
335,0.009672,-0.402617,0.340874,0.005589
336,0.009672,-0.320221,0.341547,0.005589
337,0.009672,-0.184107,0.341340,0.005589
338,0.009672,-0.053218,0.340128,0.005589
339,0.009672,0.133045,0.338465,0.005589
340,0.009672,0.312031,0.337031,0.006034
341,0.009672,0.377345,0.336790,0.006034
342,0.009672,0.415634,0.337220,0.006034
343,0.009672,0.488911,0.338094,0.006034
344,0.009672,0.531246,0.339933,0.006034
345,0.009672,0.517817,0.342376,0.006034
346,0.009672,0.479370,0.344573,0.006034
347,0.009672,0.400612,0.346181,0.006034
348,0.009672,0.287168,0.346768,0.006034
349,0.009672,0.167476,0.346222,0.006034
350,0.009672,0.010234,0.344894,0.006034
351,0.009672,-0.163170,0.343166,0.006034
352,0.009672,-0.259181,0.341836,0.006034
353,0.009672,-0.301230,0.341109,0.006034
354,0.009672,-0.389129,0.340733,0.006034
355,0.009672,-0.506873,0.341251,0.006034
356,0.009672,-0.515453,0.343303,0.006034
357,0.009672,-0.442531,0.345449,0.006034
358,0.009672,-0.400710,0.346555,0.006034
359,0.009672,-0.319370,0.347138,0.006034
360,0.019790,-0.154690,0.346871,0.006034
361,0.019790,0.056440,0.345479,0.006034
362,0.019790,0.222207,0.343794,0.006526
363,0.019790,0.265694,0.342791,0.006526
364,0.019790,0.291780,0.342106,0.006526
365,0.019790,0.388700,0.341640,0.006526
366,0.019790,0.501297,0.342143,0.006526
367,0.019790,0.588983,0.344099,0.006526
368,0.019790,0.582065,0.347403,0.006526
369,0.019790,0.460061,0.350528,0.006526
370,0.019790,0.341736,0.351792,0.006526
371,0.019790,0.253368,0.351693,0.006526
372,0.019790,0.124265,0.350846,0.006526
373,0.019790,-0.009142,0.349309,0.006526
374,0.019790,-0.110726,0.347559,0.006526
375,0.019790,-0.242787,0.345994,0.006526
376,0.019790,-0.391052,0.345115,0.006526
377,0.019790,-0.452716,0.345605,0.006526
378,0.019790,-0.454784,0.346839,0.006526
379,0.019790,-0.479027,0.348085,0.006526
380,0.019790,-0.486074,0.349637,0.006526
381,0.019790,-0.399242,0.351264,0.006526
382,0.019790,-0.247777,0.351776,0.006526
383,0.019790,-0.102800,0.350889,0.006526
384,0.019790,0.035103,0.349281,0.006526
385,0.019790,0.129544,0.347548,0.006922
386,0.019790,0.186304,0.346048,0.006922
387,0.019790,0.324960,0.344817,0.006922
388,0.019790,0.488515,0.344625,0.006922
389,0.019790,0.544115,0.346359,0.006922
390,0.019790,0.545195,0.348892,0.006922
391,0.019790,0.545710,0.351399,0.006922
392,0.019790,0.483143,0.353870,0.006922
393,0.019790,0.316742,0.355396,0.006922
394,0.019790,0.186855,0.355030,0.006922
395,0.019790,0.175212,0.353744,0.006922
396,0.019790,0.099822,0.352407,0.006922
397,0.019790,-0.093430,0.350783,0.006922
398,0.019790,-0.242093,0.349149,0.006922
399,0.019790,-0.308044,0.348242,0.006922
400,0.019790,-0.358557,0.347863,0.006922
401,0.019790,-0.375399,0.347971,0.006922
402,0.019790,-0.295238,0.348256,0.006922
403,0.019790,-0.183210,0.347766,0.006922
404,0.019790,-0.096411,0.346508,0.006922
405,0.019790,0.014064,0.344905,0.006922
406,0.019790,0.172576,0.343180,0.007377
407,0.019790,0.331780,0.341895,0.007377
408,0.019790,0.462774,0.341796,0.007377
409,0.019790,0.592320,0.343216,0.007377
410,0.019790,0.728613,0.346595,0.007377
411,0.019790,0.794818,0.352471,0.007377
412,0.019790,0.794712,0.359598,0.007377
413,0.019790,0.734438,0.366515,0.007377
414,0.019790,0.606646,0.372000,0.007377
415,0.019790,0.402863,0.375073,0.007377
416,0.019790,0.203207,0.375362,0.007377
417,0.019790,0.037150,0.374032,0.007377
418,0.019790,-0.151523,0.372176,0.007377
419,0.019790,-0.387030,0.370620,0.007377
420,0.043984,-0.603800,0.370788,0.007377
421,0.043984,-0.744302,0.373838,0.007377
422,0.043984,-0.808993,0.379338,0.007377
423,0.043984,-0.780147,0.386009,0.007377
424,0.043984,-0.681680,0.391917,0.007377
425,0.043984,-0.517694,0.395866,0.007377
426,0.043984,-0.318557,0.397269,0.007377
427,0.043984,-0.111757,0.396560,0.007377
428,0.043984,0.086074,0.394730,0.007377
429,0.043984,0.343669,0.392846,0.007687
430,0.043984,0.580306,0.392384,0.007687
431,0.043984,0.707478,0.394707,0.007687
432,0.043984,0.765687,0.399050,0.007687
433,0.043984,0.824230,0.404365,0.007687
434,0.043984,0.841266,0.410694,0.007687
435,0.043984,0.778420,0.417205,0.007687
436,0.043984,0.663706,0.422349,0.007687
437,0.043984,0.520643,0.425441,0.007687
438,0.043984,0.384366,0.426498,0.007687
439,0.043984,0.186423,0.426098,0.007687
440,0.043984,-0.036530,0.424372,0.007687
441,0.043984,-0.204493,0.422260,0.007687
442,0.043984,-0.365535,0.420641,0.007687
443,0.043984,-0.594427,0.420126,0.007687
444,0.043984,-0.788853,0.422225,0.007687
445,0.043984,-0.832496,0.427451,0.007687
446,0.043984,-0.760980,0.433379,0.007687
447,0.043984,-0.632864,0.437870,0.007687
448,0.043984,-0.468802,0.440248,0.007687
449,0.043984,-0.325769,0.440542,0.007687
450,0.043984,-0.175158,0.439543,0.007687
451,0.043984,0.049473,0.437690,0.007687
452,0.043984,0.303916,0.435525,0.007967
453,0.043984,0.530955,0.434406,0.007967
454,0.043984,0.689006,0.435477,0.007967
455,0.043984,0.787140,0.438738,0.007967
456,0.043984,0.817353,0.443579,0.007967
457,0.043984,0.812675,0.448860,0.007967
458,0.043984,0.775726,0.453944,0.007967
459,0.043984,0.672763,0.458282,0.007967
460,0.043984,0.534396,0.460921,0.007967
461,0.043984,0.365214,0.461713,0.007967
462,0.043984,0.145849,0.460848,0.007967
463,0.043984,-0.075979,0.458770,0.007967
464,0.043984,-0.290059,0.456534,0.007967
465,0.043984,-0.487793,0.455171,0.007967
466,0.043984,-0.648239,0.455508,0.007967
467,0.043984,-0.757971,0.457837,0.007967
468,0.043984,-0.774130,0.461805,0.007967
469,0.043984,-0.694664,0.465966,0.007967
470,0.043984,-0.557682,0.468806,0.007967
471,0.043984,-0.479265,0.469777,0.007967
472,0.043984,-0.375480,0.469873,0.007967
473,0.043984,-0.151209,0.469023,0.007967
474,0.043984,0.103728,0.466917,0.007967
475,0.043984,0.292680,0.464693,0.008218
476,0.043984,0.473231,0.463289,0.008218
477,0.043984,0.683626,0.463389,0.008218
478,0.043984,0.831670,0.466107,0.008218
479,0.043984,0.821316,0.471169,0.008218
480,0.099472,0.753591,0.475947,0.008218
481,0.099472,0.723405,0.479520,0.008218
482,0.099472,0.645205,0.482569,0.008218
483,0.099472,0.509273,0.484466,0.008218
484,0.099472,0.337603,0.484720,0.008218
485,0.099472,0.145912,0.483471,0.008218
486,0.099472,-0.074000,0.481269,0.008218
487,0.099472,-0.296480,0.478913,0.008218
488,0.099472,-0.490277,0.477434,0.008218
489,0.099472,-0.643394,0.477564,0.008218
490,0.099472,-0.739489,0.479507,0.008218
491,0.099472,-0.742319,0.482800,0.008218
492,0.099472,-0.699854,0.486081,0.008218
493,0.099472,-0.639752,0.488682,0.008218
494,0.099472,-0.516565,0.490423,0.008218
495,0.099472,-0.318954,0.490692,0.008218
496,0.099472,-0.107211,0.489273,0.008218
497,0.099472,0.075456,0.486938,0.008218
498,0.099472,0.249949,0.484556,0.008444
499,0.099472,0.475312,0.482775,0.008444
500,0.099472,0.702701,0.482701,0.008444
501,0.099472,0.772336,0.485395,0.008444
502,0.099472,0.740936,0.489098,0.008444
503,0.099472,0.754313,0.492255,0.008444
504,0.099472,0.764546,0.495562,0.008444
505,0.099472,0.692618,0.498970,0.008444
506,0.099472,0.515517,0.501277,0.008444
507,0.099472,0.291425,0.501421,0.008444
508,0.099472,0.081418,0.499758,0.008444
509,0.099472,-0.131500,0.497320,0.008444
510,0.099472,-0.351064,0.495002,0.008444
511,0.099472,-0.529568,0.493770,0.008444
512,0.099472,-0.631012,0.494141,0.008444
513,0.099472,-0.679015,0.495697,0.008444
514,0.099472,-0.723992,0.497864,0.008444
515,0.099472,-0.723601,0.500631,0.008444
516,0.099472,-0.650518,0.503350,0.008444
517,0.099472,-0.533279,0.505034,0.008444
518,0.099472,-0.356031,0.505324,0.008444
519,0.099472,-0.121221,0.504050,0.008444
520,0.099472,0.108482,0.501670,0.008444
521,0.099472,0.300282,0.499274,0.008647
522,0.099472,0.475372,0.497678,0.008647
523,0.099472,0.608918,0.497460,0.008647
524,0.099472,0.708829,0.498697,0.008647
525,0.099472,0.800676,0.501235,0.008647
526,0.099472,0.817176,0.505109,0.008647
527,0.099472,0.751935,0.509177,0.008647
528,0.099472,0.637608,0.512175,0.008647
529,0.099472,0.495382,0.513581,0.008647
530,0.099472,0.317239,0.513402,0.008647
531,0.099472,0.082941,0.511813,0.008647
532,0.099472,-0.163639,0.509315,0.008647
533,0.099472,-0.372762,0.507026,0.008647
534,0.099472,-0.531520,0.505860,0.008647
535,0.099472,-0.623543,0.506123,0.008647
536,0.099472,-0.688502,0.507431,0.008647
537,0.099472,-0.766991,0.509561,0.008647
538,0.099472,-0.783397,0.512775,0.008647
539,0.099472,-0.691386,0.516184,0.008647
540,0.135114,-0.526274,0.518229,0.008647
541,0.135114,-0.340524,0.518311,0.008647
542,0.135114,-0.144280,0.516836,0.008647
543,0.135114,0.077050,0.514447,0.008647
544,0.135114,0.286975,0.511927,0.008831
545,0.135114,0.464767,0.510168,0.008831
546,0.135114,0.610465,0.509734,0.008831
547,0.135114,0.721165,0.510840,0.008831
548,0.135114,0.800808,0.513370,0.008831
549,0.135114,0.814321,0.517036,0.008831
550,0.135114,0.729092,0.520849,0.008831
551,0.135114,0.611868,0.523342,0.008831
552,0.135114,0.508077,0.524301,0.008831
553,0.135114,0.332463,0.524142,0.008831
554,0.135114,0.086306,0.522573,0.008831
555,0.135114,-0.148702,0.520025,0.008831
556,0.135114,-0.332572,0.517632,0.008831
557,0.135114,-0.486129,0.516110,0.008831
558,0.135114,-0.625851,0.515819,0.008831
559,0.135114,-0.756021,0.517035,0.008831
560,0.135114,-0.821402,0.519969,0.008831
561,0.135114,-0.799687,0.523843,0.008831
562,0.135114,-0.703725,0.527316,0.008831
563,0.135114,-0.569688,0.529371,0.008831
564,0.135114,-0.367477,0.529789,0.008831
565,0.135114,-0.093050,0.528413,0.008831
566,0.135114,0.141345,0.525847,0.008831
567,0.135114,0.290628,0.523402,0.008995
568,0.135114,0.405477,0.521588,0.008995
569,0.135114,0.530258,0.520556,0.008995
570,0.135114,0.702938,0.520653,0.008995
571,0.135114,0.839579,0.522791,0.008995
572,0.135114,0.864134,0.526903,0.008995
573,0.135114,0.793521,0.531335,0.008995
574,0.135114,0.619686,0.534594,0.008995
575,0.135114,0.385224,0.535512,0.008995
576,0.135114,0.197971,0.534218,0.008995
577,0.135114,0.061017,0.531909,0.008995
578,0.135114,-0.098034,0.529278,0.008995
579,0.135114,-0.289059,0.526716,0.008995
580,0.135114,-0.493850,0.524873,0.008995
581,0.135114,-0.693639,0.524572,0.008995
582,0.135114,-0.831913,0.526531,0.008995
583,0.135114,-0.856574,0.530456,0.008995
584,0.135114,-0.768482,0.534702,0.008995
585,0.135114,-0.621584,0.537544,0.008995
586,0.135114,-0.486885,0.538449,0.008995
587,0.135114,-0.323105,0.537958,0.008995
588,0.135114,-0.131014,0.536236,0.008995
589,0.135114,0.010507,0.533709,0.008995
590,0.135114,0.183680,0.531034,0.009144
591,0.135114,0.466607,0.528692,0.009144
592,0.135114,0.689543,0.528107,0.009144
593,0.135114,0.791334,0.529965,0.009144
594,0.135114,0.819847,0.533213,0.009144
595,0.135114,0.748423,0.536838,0.009144
596,0.135114,0.643578,0.539364,0.009144
597,0.135114,0.558138,0.540506,0.009144
598,0.135114,0.404846,0.540685,0.009144
599,0.135114,0.226177,0.539496,0.009144
600,0.168533,0.065221,0.537268,0.009144
601,0.168533,-0.124280,0.534615,0.009144
602,0.168533,-0.335831,0.532080,0.009144
603,0.168533,-0.569843,0.530477,0.009144
604,0.168533,-0.751677,0.530885,0.009144
605,0.168533,-0.796251,0.533546,0.009144
606,0.168533,-0.765778,0.536810,0.009144
607,0.168533,-0.733173,0.539581,0.009144
608,0.168533,-0.641222,0.541859,0.009144
609,0.168533,-0.482417,0.542943,0.009144
610,0.168533,-0.314686,0.542371,0.009144
611,0.168533,-0.148687,0.540569,0.009144
612,0.168533,0.033768,0.538065,0.009144
613,0.168533,0.233827,0.535378,0.009277
614,0.168533,0.446594,0.533208,0.009277
615,0.168533,0.651164,0.532411,0.009277
616,0.168533,0.777698,0.533730,0.009277
617,0.168533,0.810054,0.536718,0.009277
618,0.168533,0.765769,0.540137,0.009277
619,0.168533,0.648952,0.542858,0.009277
620,0.168533,0.521822,0.544021,0.009277
621,0.168533,0.397650,0.543804,0.009277
622,0.168533,0.221817,0.542537,0.009277
623,0.168533,0.043085,0.540273,0.009277
624,0.168533,-0.125463,0.537582,0.009277
625,0.168533,-0.362026,0.535035,0.009277
626,0.168533,-0.583713,0.533582,0.009277
627,0.168533,-0.717969,0.534107,0.009277
628,0.168533,-0.844651,0.536258,0.009277
629,0.168533,-0.886224,0.540214,0.009277
630,0.168533,-0.782330,0.544763,0.009277
631,0.168533,-0.623922,0.547649,0.009277
632,0.168533,-0.432225,0.548464,0.009277
633,0.168533,-0.270538,0.547424,0.009277
634,0.168533,-0.167713,0.545351,0.009277
635,0.168533,-0.015170,0.542877,0.009277
636,0.168533,0.214906,0.540158,0.009277
637,0.168533,0.475424,0.537879,0.009354
638,0.168533,0.662533,0.537291,0.009354
639,0.168533,0.765965,0.538687,0.009354
640,0.168533,0.826898,0.541433,0.009354
641,0.168533,0.819737,0.545028,0.009354
642,0.168533,0.714152,0.548457,0.009354
643,0.168533,0.550657,0.550361,0.009354
644,0.168533,0.368323,0.550364,0.009354
645,0.168533,0.167611,0.548842,0.009354
646,0.168533,-0.060539,0.546348,0.009354
647,0.168533,-0.254533,0.543643,0.009354
648,0.168533,-0.361786,0.541517,0.009354
649,0.168533,-0.486914,0.540016,0.009354
650,0.168533,-0.682992,0.539510,0.009354
651,0.168533,-0.850757,0.541134,0.009354
652,0.168533,-0.917017,0.545101,0.009354
653,0.168533,-0.842736,0.550066,0.009354
654,0.168533,-0.646712,0.553759,0.009354
655,0.168533,-0.460470,0.554766,0.009354
656,0.168533,-0.331175,0.553902,0.009354
657,0.168533,-0.170781,0.552120,0.009354
658,0.168533,0.056911,0.549618,0.009354
659,0.168533,0.321569,0.546893,0.009514
660,0.205973,0.566965,0.545101,0.009514
661,0.205973,0.699620,0.545324,0.009514
662,0.205973,0.714758,0.547082,0.009514
663,0.205973,0.745751,0.549012,0.009514
664,0.205973,0.820082,0.551327,0.009514
665,0.205973,0.789393,0.554660,0.009514
666,0.205973,0.657959,0.557497,0.009514
667,0.205973,0.520072,0.558591,0.009514
668,0.205973,0.313486,0.558219,0.009514
669,0.205973,0.043292,0.556305,0.009514
670,0.205973,-0.135129,0.553533,0.009514
671,0.205973,-0.248044,0.550924,0.009514
672,0.205973,-0.406700,0.548724,0.009514
673,0.205973,-0.561838,0.547486,0.009514
674,0.205973,-0.618228,0.547631,0.009514
675,0.205973,-0.598608,0.548382,0.009514
676,0.205973,-0.493126,0.548907,0.009514
677,0.205973,-0.332490,0.548377,0.009514
678,0.205973,-0.236983,0.546641,0.009514
679,0.205973,-0.176703,0.544417,0.009514
680,0.205973,0.037162,0.541976,0.009514
681,0.205973,0.336343,0.539272,0.009658
682,0.205973,0.553018,0.537622,0.009658
683,0.205973,0.683344,0.537778,0.009658
684,0.205973,0.796428,0.539428,0.009658
685,0.205973,0.826994,0.542601,0.009658
686,0.205973,0.666450,0.546178,0.009658
687,0.205973,0.444861,0.547512,0.009658
688,0.205973,0.331248,0.546581,0.009658
689,0.205973,0.289731,0.544849,0.009658
690,0.205973,0.117570,0.542892,0.009658
691,0.205973,-0.133606,0.540298,0.009658
692,0.205973,-0.381849,0.537756,0.009658
693,0.205973,-0.560103,0.536421,0.009658
694,0.205973,-0.658228,0.536663,0.009658
695,0.205973,-0.726780,0.538015,0.009658
696,0.205973,-0.814671,0.540229,0.009658
697,0.205973,-0.774445,0.543660,0.009658
698,0.205973,-0.516297,0.546450,0.009658
699,0.205973,-0.279969,0.546157,0.009658
700,0.205973,-0.156148,0.544140,0.009658
701,0.205973,-0.024169,0.541638,0.009658
702,0.205973,0.234000,0.538928,0.009658
703,0.205973,0.446596,0.536737,0.009788
704,0.205973,0.526619,0.535911,0.009788
705,0.205973,0.549791,0.535819,0.009788
706,0.205973,0.652200,0.535960,0.009788
707,0.205973,0.752448,0.537247,0.009788
708,0.205973,0.677174,0.539824,0.009788
709,0.205973,0.532914,0.541370,0.009788
710,0.205973,0.396256,0.541286,0.009788
711,0.205973,0.241465,0.540028,0.009788
712,0.205973,0.067825,0.537864,0.009788
713,0.205973,-0.097997,0.535211,0.009788
714,0.205973,-0.252799,0.532618,0.009788
715,0.205973,-0.434757,0.530551,0.009788
716,0.205973,-0.571825,0.529679,0.009788
717,0.205973,-0.640512,0.530117,0.009788
718,0.205973,-0.628304,0.531334,0.009788
719,0.205973,-0.593887,0.532392,0.009788
720,0.256914,-0.580097,0.533042,0.009788
721,0.256914,-0.521008,0.533533,0.009788
722,0.256914,-0.399650,0.533409,0.009788
723,0.256914,-0.255957,0.532238,0.009788
724,0.256914,-0.088143,0.530188,0.009788
725,0.256914,0.128756,0.527604,0.009788
726,0.256914,0.372133,0.525117,0.009857
727,0.256914,0.593434,0.523809,0.009857
728,0.256914,0.730197,0.524551,0.009857
729,0.256914,0.732662,0.527005,0.009857
730,0.256914,0.650739,0.529457,0.009857
731,0.256914,0.601865,0.530807,0.009857
732,0.256914,0.529120,0.531564,0.009857
733,0.256914,0.393626,0.531540,0.009857
734,0.256914,0.184626,0.530338,0.009857
735,0.256914,0.016240,0.528003,0.009857
736,0.256914,-0.087754,0.525359,0.009857
737,0.256914,-0.234135,0.522799,0.009857
738,0.256914,-0.418695,0.520705,0.009857
739,0.256914,-0.555867,0.519784,0.009857
740,0.256914,-0.626762,0.520157,0.009857
741,0.256914,-0.716904,0.521331,0.009857
742,0.256914,-0.772731,0.523649,0.009857
743,0.256914,-0.658431,0.526723,0.009857
744,0.256914,-0.474875,0.528203,0.009857
745,0.256914,-0.319045,0.527696,0.009857
746,0.256914,-0.175955,0.526019,0.009857
747,0.256914,-0.007934,0.523678,0.009857
748,0.256914,0.169127,0.521054,0.009857
749,0.256914,0.350459,0.518718,0.009919
750,0.256914,0.530660,0.517306,0.009919
751,0.256914,0.640670,0.517442,0.009919
752,0.256914,0.680160,0.518819,0.009919
753,0.256914,0.643638,0.520680,0.009919
754,0.256914,0.553367,0.522053,0.009919
755,0.256914,0.490167,0.522375,0.009919
756,0.256914,0.417010,0.522063,0.009919
757,0.256914,0.292396,0.521117,0.009919
758,0.256914,0.076701,0.519329,0.009919
759,0.256914,-0.155628,0.516783,0.009919
760,0.256914,-0.337254,0.514428,0.009919
761,0.256914,-0.498391,0.512959,0.009919
762,0.256914,-0.624081,0.512815,0.009919
763,0.256914,-0.693164,0.514047,0.009919
764,0.256914,-0.691379,0.516146,0.009919
765,0.256914,-0.644855,0.518192,0.009919
766,0.256914,-0.592676,0.519611,0.009919
767,0.256914,-0.538102,0.520393,0.009919
768,0.256914,-0.409522,0.520573,0.009919
769,0.256914,-0.198984,0.519580,0.009919
770,0.256914,0.011435,0.517358,0.009919
771,0.256914,0.150940,0.514766,0.010023
772,0.256914,0.325278,0.512408,0.010023
773,0.256914,0.512996,0.510876,0.010023
774,0.256914,0.618050,0.510898,0.010023
775,0.256914,0.675114,0.512080,0.010023
776,0.256914,0.684006,0.513967,0.010023
777,0.256914,0.603346,0.515944,0.010023
778,0.256914,0.493057,0.516892,0.010023
779,0.256914,0.361684,0.516659,0.010023
780,0.289399,0.226361,0.515340,0.010023
781,0.289399,0.081746,0.513256,0.010023
782,0.289399,-0.126855,0.510749,0.010023
783,0.289399,-0.356280,0.508347,0.010023
784,0.289399,-0.522487,0.507052,0.010023
785,0.289399,-0.600077,0.507209,0.010023
786,0.289399,-0.663459,0.508221,0.010023
787,0.289399,-0.750495,0.510008,0.010023
788,0.289399,-0.780250,0.512971,0.010023
789,0.289399,-0.705629,0.516329,0.010023
790,0.289399,-0.540793,0.518564,0.010023
791,0.289399,-0.345511,0.518791,0.010023
792,0.289399,-0.147057,0.517346,0.010023
793,0.289399,0.009971,0.514963,0.010023
794,0.289399,0.127892,0.512382,0.010068
795,0.289399,0.318746,0.509974,0.010068
796,0.289399,0.558307,0.508418,0.010068
797,0.289399,0.675063,0.508941,0.010068
798,0.289399,0.677983,0.510870,0.010068
799,0.289399,0.646361,0.512811,0.010068
800,0.289399,0.592018,0.514318,0.010068
801,0.289399,0.535562,0.515153,0.010068
802,0.289399,0.432524,0.515361,0.010068
803,0.289399,0.265124,0.514599,0.010068
804,0.289399,0.024116,0.512705,0.010068
805,0.289399,-0.216613,0.510141,0.010068
806,0.289399,-0.427122,0.508046,0.010068
807,0.289399,-0.629445,0.507300,0.010068
808,0.289399,-0.756217,0.508667,0.010068
809,0.289399,-0.753300,0.511736,0.010068
810,0.289399,-0.692423,0.514713,0.010068
811,0.289399,-0.645335,0.516793,0.010068
812,0.289399,-0.589064,0.518236,0.010068
813,0.289399,-0.500458,0.518992,0.010068
814,0.289399,-0.406104,0.518810,0.010068
815,0.289399,-0.275642,0.517804,0.010068
816,0.289399,-0.049575,0.515946,0.010068
817,0.289399,0.220387,0.513383,0.010068
818,0.289399,0.410178,0.511285,0.010066
819,0.289399,0.528299,0.510373,0.010066
820,0.289399,0.623621,0.510556,0.010066
821,0.289399,0.718601,0.511810,0.010066
822,0.289399,0.740908,0.514290,0.010066
823,0.289399,0.628529,0.517048,0.010066
824,0.289399,0.463470,0.518281,0.010066
825,0.289399,0.319107,0.517762,0.010066
826,0.289399,0.161544,0.516154,0.010066
827,0.289399,-0.028763,0.513821,0.010066
828,0.289399,-0.209130,0.511253,0.010066
829,0.289399,-0.372797,0.509120,0.010066
830,0.289399,-0.541715,0.507938,0.010066
831,0.289399,-0.674544,0.508287,0.010066
832,0.289399,-0.743917,0.510218,0.010066
833,0.289399,-0.782277,0.513082,0.010066
834,0.289399,-0.779770,0.516469,0.010066
835,0.289399,-0.701689,0.519763,0.010066
836,0.289399,-0.573448,0.521896,0.010066
837,0.289399,-0.391665,0.522437,0.010066
838,0.289399,-0.167420,0.521291,0.010066
839,0.289399,0.081099,0.518948,0.010066
840,0.312756,0.284738,0.516411,0.010155
841,0.312756,0.413082,0.514611,0.010155
842,0.312756,0.519385,0.513695,0.010155
843,0.312756,0.605433,0.513752,0.010155
844,0.312756,0.648553,0.514750,0.010155
845,0.312756,0.649918,0.516259,0.010155
846,0.312756,0.599103,0.517767,0.010155
847,0.312756,0.455832,0.518643,0.010155
848,0.312756,0.308324,0.518053,0.010155
849,0.312756,0.221929,0.516377,0.010155
850,0.312756,0.084853,0.514268,0.010155
851,0.312756,-0.199330,0.511761,0.010155
852,0.312756,-0.487168,0.509585,0.010155
853,0.312756,-0.639467,0.509366,0.010155
854,0.312756,-0.712165,0.510831,0.010155
855,0.312756,-0.804214,0.513236,0.010155
856,0.312756,-0.829286,0.516957,0.010155
857,0.312756,-0.736215,0.521008,0.010155
858,0.312756,-0.622682,0.523598,0.010155
859,0.312756,-0.507087,0.524681,0.010155
860,0.312756,-0.345901,0.524508,0.010155
861,0.312756,-0.149080,0.523024,0.010155
862,0.312756,0.051287,0.520616,0.010155
863,0.312756,0.224300,0.518032,0.010187
864,0.312756,0.385142,0.515923,0.010187
865,0.312756,0.506842,0.514780,0.010187
866,0.312756,0.582886,0.514701,0.010187
867,0.312756,0.642215,0.515427,0.010187
868,0.312756,0.681280,0.516849,0.010187
869,0.312756,0.645373,0.518752,0.010187
870,0.312756,0.527554,0.520170,0.010187
871,0.312756,0.358697,0.520245,0.010187
872,0.312756,0.147772,0.518878,0.010187
873,0.312756,-0.104890,0.516489,0.010187
874,0.312756,-0.354858,0.514007,0.010187
875,0.312756,-0.525296,0.512660,0.010187
876,0.312756,-0.603249,0.512788,0.010187
877,0.312756,-0.656674,0.513771,0.010187
878,0.312756,-0.728587,0.515397,0.010187
879,0.312756,-0.771858,0.517963,0.010187
880,0.312756,-0.739582,0.521115,0.010187
881,0.312756,-0.652695,0.523751,0.010187
882,0.312756,-0.531796,0.525197,0.010187
883,0.312756,-0.368561,0.525263,0.010187
884,0.312756,-0.185219,0.523928,0.010187
885,0.312756,0.045373,0.521631,0.010187
886,0.312756,0.284460,0.519036,0.010216
887,0.312756,0.440920,0.517217,0.010216
888,0.312756,0.556671,0.516510,0.010216
889,0.312756,0.644492,0.516927,0.010216
890,0.312756,0.670043,0.518358,0.010216
891,0.312756,0.648313,0.520094,0.010216
892,0.312756,0.564354,0.521532,0.010216
893,0.312756,0.424272,0.521978,0.010216
894,0.312756,0.251768,0.521092,0.010216
895,0.312756,0.080562,0.519091,0.010216
896,0.312756,-0.082336,0.516551,0.010216
897,0.312756,-0.268018,0.514028,0.010216
898,0.312756,-0.441492,0.512153,0.010216
899,0.312756,-0.577759,0.511495,0.010216
900,0.329518,-0.690337,0.512200,0.010216
901,0.329518,-0.775519,0.514287,0.010216
902,0.329518,-0.824499,0.517552,0.010216
903,0.329518,-0.787838,0.521517,0.010216
904,0.329518,-0.651364,0.524849,0.010216
905,0.329518,-0.465893,0.526265,0.010216
906,0.329518,-0.267752,0.525696,0.010216
907,0.329518,-0.105546,0.523746,0.010216
908,0.329518,0.056674,0.521227,0.010216
909,0.329518,0.271930,0.518645,0.010243
910,0.329518,0.442954,0.516762,0.010243
911,0.329518,0.519281,0.516076,0.010243
912,0.329518,0.541955,0.516108,0.010243
913,0.329518,0.580919,0.516373,0.010243
914,0.329518,0.603979,0.517058,0.010243
915,0.329518,0.558383,0.518000,0.010243
916,0.329518,0.458118,0.518419,0.010243
917,0.329518,0.322242,0.517851,0.010243
918,0.329518,0.131158,0.516262,0.010243
919,0.329518,-0.094388,0.513841,0.010243
920,0.329518,-0.292092,0.511353,0.010243
921,0.329518,-0.474600,0.509627,0.010243
922,0.329518,-0.683599,0.509289,0.010243
923,0.329518,-0.793196,0.511326,0.010243
924,0.329518,-0.748560,0.514909,0.010243
925,0.329518,-0.697683,0.517768,0.010243
926,0.329518,-0.684170,0.519875,0.010243
927,0.329518,-0.610544,0.521775,0.010243
928,0.329518,-0.445373,0.522737,0.010243
929,0.329518,-0.241720,0.522020,0.010243
930,0.329518,-0.047491,0.519965,0.010243
931,0.329518,0.146679,0.517381,0.010243
932,0.329518,0.352553,0.514996,0.010266
933,0.329518,0.511225,0.513626,0.010266
934,0.329518,0.625401,0.513602,0.010266
935,0.329518,0.728064,0.514841,0.010266
936,0.329518,0.796388,0.517408,0.010266
937,0.329518,0.826190,0.520938,0.010266
938,0.329518,0.789167,0.524870,0.010266
939,0.329518,0.655331,0.528168,0.010266
940,0.329518,0.463637,0.529591,0.010266
941,0.329518,0.253396,0.528972,0.010266
942,0.329518,0.034420,0.526930,0.010266
943,0.329518,-0.117662,0.524300,0.010266
944,0.329518,-0.223686,0.521805,0.010266
945,0.329518,-0.374721,0.519671,0.010266
946,0.329518,-0.520204,0.518422,0.010266
947,0.329518,-0.570463,0.518440,0.010266
948,0.329518,-0.543242,0.518986,0.010266
949,0.329518,-0.557387,0.519234,0.010266
950,0.329518,-0.634776,0.519629,0.010266
951,0.329518,-0.582684,0.520907,0.010266
952,0.329518,-0.366955,0.521561,0.010266
953,0.329518,-0.187786,0.520242,0.010266
954,0.329518,-0.067088,0.517975,0.010266
955,0.329518,0.040357,0.515422,0.010266
956,0.329518,0.158651,0.512854,0.010244
957,0.329518,0.268000,0.510530,0.010244
958,0.329518,0.372375,0.508678,0.010244
959,0.329518,0.425499,0.507496,0.010244
960,0.354277,0.412620,0.506742,0.010244
961,0.354277,0.373085,0.505887,0.010244
962,0.354277,0.313625,0.504732,0.010244
963,0.354277,0.242052,0.503180,0.010244
964,0.354277,0.149803,0.501243,0.010244
965,0.354277,0.103152,0.498955,0.010244
966,0.354277,0.084659,0.496561,0.010244
967,0.354277,0.018755,0.494145,0.010244
968,0.354277,-0.139055,0.491672,0.010244
969,0.354277,-0.252971,0.489405,0.010244
970,0.354277,-0.333015,0.487608,0.010244
971,0.354277,-0.405833,0.486306,0.010244
972,0.354277,-0.436527,0.485567,0.010244
973,0.354277,-0.479523,0.485101,0.010244
974,0.354277,-0.462797,0.485046,0.010244
975,0.354277,-0.373300,0.484828,0.010244
976,0.354277,-0.282290,0.483840,0.010244
977,0.354277,-0.218329,0.482242,0.010244
978,0.354277,-0.137946,0.480321,0.010244
979,0.354277,-0.067925,0.478112,0.010244
980,0.354277,0.040582,0.475764,0.010244
981,0.354277,0.167913,0.473397,0.010184
982,0.354277,0.252870,0.471323,0.010184
983,0.354277,0.342473,0.469642,0.010184
984,0.354277,0.417647,0.468541,0.010184
985,0.354277,0.430891,0.468060,0.010184
986,0.354277,0.423716,0.467702,0.010184
987,0.354277,0.384248,0.467283,0.010184
988,0.354277,0.277607,0.466526,0.010184
989,0.354277,0.126825,0.465017,0.010184
990,0.354277,-0.014268,0.462860,0.010184
991,0.354277,-0.192877,0.460542,0.010184
992,0.354277,-0.329031,0.458639,0.010184
993,0.354277,-0.455105,0.457525,0.010184
994,0.354277,-0.560078,0.457501,0.010184
995,0.354277,-0.532524,0.458640,0.010184
996,0.354277,-0.477112,0.459437,0.010184
997,0.354277,-0.430771,0.459618,0.010184
998,0.354277,-0.377365,0.459338,0.010184
999,0.354277,-0.322479,0.458591,0.010184
1000,0.354277,-0.210587,0.457430,0.010184
1001,0.354277,-0.065276,0.455624,0.010184
1002,0.354277,0.007608,0.453387,0.010184
1003,0.354277,0.068664,0.451115,0.010261
1004,0.354277,0.212134,0.448907,0.010261
1005,0.354277,0.318309,0.447160,0.010261
1006,0.354277,0.384565,0.446056,0.010261
1007,0.354277,0.430737,0.445483,0.010261
1008,0.354277,0.413940,0.445338,0.010261
1009,0.354277,0.364642,0.445035,0.010261
1010,0.354277,0.267047,0.444303,0.010261
1011,0.354277,0.158139,0.442882,0.010261
1012,0.354277,0.021286,0.440946,0.010261
1013,0.354277,-0.104440,0.438740,0.010261
1014,0.354277,-0.197857,0.436666,0.010261
1015,0.354277,-0.254318,0.434928,0.010261
1016,0.354277,-0.353941,0.433494,0.010261
1017,0.354277,-0.480989,0.432771,0.010261
1018,0.354277,-0.572336,0.433280,0.010261
1019,0.354277,-0.566656,0.434890,0.010261
1020,0.374539,-0.460472,0.436405,0.010261
1021,0.374539,-0.361072,0.436652,0.010261
1022,0.374539,-0.318115,0.435961,0.010261
1023,0.374539,-0.248721,0.434941,0.010261
1024,0.374539,-0.127197,0.433475,0.010261
1025,0.374539,0.058113,0.431490,0.010261
1026,0.374539,0.211312,0.429366,0.010283
1027,0.374539,0.246448,0.427736,0.010283
1028,0.374539,0.307978,0.426305,0.010283
1029,0.374539,0.363341,0.425285,0.010283
1030,0.374539,0.341714,0.424710,0.010283
1031,0.374539,0.333461,0.423961,0.010283
1032,0.374539,0.302554,0.423151,0.010283
1033,0.374539,0.225897,0.422116,0.010283
1034,0.374539,0.161425,0.420607,0.010283
1035,0.374539,0.097545,0.418810,0.010283
1036,0.374539,-0.016982,0.416825,0.010283
1037,0.374539,-0.159112,0.414739,0.010283
1038,0.374539,-0.269111,0.412967,0.010283
1039,0.374539,-0.383258,0.411777,0.010283
1040,0.374539,-0.512226,0.411502,0.010283
1041,0.374539,-0.601519,0.412631,0.010283
1042,0.374539,-0.568111,0.414945,0.010283
1043,0.374539,-0.458008,0.416756,0.010283
1044,0.374539,-0.361151,0.417189,0.010283
1045,0.374539,-0.295669,0.416666,0.010283
1046,0.374539,-0.230041,0.415630,0.010283
1047,0.374539,-0.121484,0.414186,0.010283
1048,0.374539,-0.002327,0.412289,0.010283
1049,0.374539,0.149552,0.410222,0.010283
1050,0.374539,0.311972,0.408440,0.010259
1051,0.374539,0.339282,0.407588,0.010259
1052,0.374539,0.311143,0.406962,0.010259
1053,0.374539,0.339784,0.406116,0.010259
1054,0.374539,0.357732,0.405506,0.010259
1055,0.374539,0.329670,0.405056,0.010259
1056,0.374539,0.287678,0.404372,0.010259
1057,0.374539,0.194682,0.403372,0.010259
1058,0.374539,0.058851,0.401822,0.010259
1059,0.374539,-0.077370,0.399851,0.010259
1060,0.374539,-0.215009,0.397922,0.010259
1061,0.374539,-0.387908,0.396511,0.010259
1062,0.374539,-0.502349,0.396426,0.010259
1063,0.374539,-0.520877,0.397625,0.010259
1064,0.374539,-0.529277,0.399046,0.010259
1065,0.374539,-0.493920,0.400558,0.010259
1066,0.374539,-0.418653,0.401599,0.010259
1067,0.374539,-0.372233,0.401773,0.010259
1068,0.374539,-0.308779,0.401488,0.010259
1069,0.374539,-0.215376,0.400667,0.010259
1070,0.374539,-0.111422,0.399240,0.010259
1071,0.374539,0.013029,0.397396,0.010259
1072,0.374539,0.145879,0.395406,0.010328
1073,0.374539,0.243087,0.393694,0.010328
1074,0.374539,0.313488,0.392474,0.010328
1075,0.374539,0.391939,0.391763,0.010328
1076,0.374539,0.398095,0.391765,0.010328
1077,0.374539,0.394116,0.391829,0.010328
1078,0.374539,0.359172,0.391852,0.010328
1079,0.374539,0.225027,0.391538,0.010328
1080,0.382322,0.085503,0.390225,0.010328
1081,0.382322,0.028213,0.388363,0.010328
1082,0.382322,-0.058246,0.386427,0.010328
1083,0.382322,-0.263113,0.384534,0.010328
1084,0.382322,-0.434328,0.383510,0.010328
1085,0.382322,-0.449533,0.384052,0.010328
1086,0.382322,-0.423024,0.384762,0.010328
1087,0.382322,-0.436416,0.385163,0.010328
1088,0.382322,-0.459905,0.385709,0.010328
1089,0.382322,-0.480557,0.386522,0.010328
1090,0.382322,-0.480960,0.387575,0.010328
1091,0.382322,-0.381361,0.388620,0.010328
1092,0.382322,-0.218803,0.388548,0.010328
1093,0.382322,-0.083593,0.387219,0.010328
1094,0.382322,0.029138,0.385369,0.010328
1095,0.382322,0.117886,0.383448,0.010343
1096,0.382322,0.189102,0.381708,0.010343
1097,0.382322,0.326307,0.380265,0.010343
1098,0.382322,0.468427,0.379764,0.010343
1099,0.382322,0.437489,0.380753,0.010343
1100,0.382322,0.352328,0.381362,0.010343
1101,0.382322,0.310511,0.381082,0.010343
1102,0.382322,0.221361,0.380442,0.010343
1103,0.382322,0.111127,0.379181,0.010343
1104,0.382322,0.017275,0.377444,0.010343
1105,0.382322,-0.108778,0.375556,0.010343
1106,0.382322,-0.232290,0.373832,0.010343
1107,0.382322,-0.305271,0.372683,0.010343
1108,0.382322,-0.367109,0.372069,0.010343
1109,0.382322,-0.455432,0.372020,0.010343
1110,0.382322,-0.541317,0.372946,0.010343
1111,0.382322,-0.541370,0.375004,0.010343
1112,0.382322,-0.495465,0.377032,0.010343
1113,0.382322,-0.465992,0.378399,0.010343
1114,0.382322,-0.373315,0.379375,0.010343
1115,0.382322,-0.220978,0.379315,0.010343
1116,0.382322,-0.045483,0.378060,0.010343
1117,0.382322,0.138713,0.376193,0.010343
1118,0.382322,0.248100,0.374564,0.010357
1119,0.382322,0.257817,0.373511,0.010357
1120,0.382322,0.275635,0.372532,0.010357
1121,0.382322,0.361896,0.371688,0.010357
1122,0.382322,0.429605,0.371592,0.010357
1123,0.382322,0.354196,0.372217,0.010357
1124,0.382322,0.247000,0.372041,0.010357
1125,0.382322,0.175327,0.370999,0.010357
1126,0.382322,0.113283,0.369556,0.010357
1127,0.382322,0.048635,0.367878,0.010357
1128,0.382322,-0.047794,0.366066,0.010357
1129,0.382322,-0.224397,0.364262,0.010357
1130,0.382322,-0.396439,0.363130,0.010357
1131,0.382322,-0.493118,0.363479,0.010357
1132,0.382322,-0.533449,0.365003,0.010357
1133,0.382322,-0.556947,0.367070,0.010357
1134,0.382322,-0.530243,0.369452,0.010357
1135,0.382322,-0.430545,0.371405,0.010357
1136,0.382322,-0.355109,0.372043,0.010357
1137,0.382322,-0.322190,0.371877,0.010357
1138,0.382322,-0.190340,0.371413,0.010357
1139,0.382322,-0.014380,0.370042,0.010357
1140,0.393249,0.077101,0.368189,0.010357
1141,0.393249,0.175557,0.366425,0.010369
1142,0.393249,0.299398,0.365011,0.010369
1143,0.393249,0.357552,0.364413,0.010369
1144,0.393249,0.361444,0.364345,0.010369
1145,0.393249,0.378909,0.364316,0.010369
1146,0.393249,0.377146,0.364465,0.010369
1147,0.393249,0.332522,0.364594,0.010369
1148,0.393249,0.283929,0.364287,0.010369
1149,0.393249,0.178054,0.363572,0.010369
1150,0.393249,-0.043134,0.362187,0.010369
1151,0.393249,-0.207312,0.360397,0.010369
1152,0.393249,-0.239699,0.359190,0.010369
1153,0.393249,-0.324637,0.358192,0.010369
1154,0.393249,-0.519151,0.357872,0.010369
1155,0.393249,-0.640694,0.359843,0.010369
1156,0.393249,-0.564619,0.363727,0.010369
1157,0.393249,-0.393822,0.366281,0.010369
1158,0.393249,-0.363548,0.366567,0.010369
1159,0.393249,-0.402685,0.366537,0.010369
1160,0.393249,-0.339868,0.366916,0.010369
1161,0.393249,-0.218256,0.366655,0.010369
1162,0.393249,-0.090609,0.365470,0.010369
1163,0.393249,0.092335,0.363751,0.010369
1164,0.393249,0.247487,0.362045,0.010380
1165,0.393249,0.327866,0.361080,0.010380
1166,0.393249,0.384574,0.360763,0.010380
1167,0.393249,0.415682,0.361008,0.010380
1168,0.393249,0.384548,0.361596,0.010380
1169,0.393249,0.378460,0.361833,0.010380
1170,0.393249,0.388863,0.362003,0.010380
1171,0.393249,0.290574,0.362281,0.010380
1172,0.393249,0.121057,0.361635,0.010380
1173,0.393249,-0.065799,0.360026,0.010380
1174,0.393249,-0.256448,0.358281,0.010380
1175,0.393249,-0.367242,0.357407,0.010380
1176,0.393249,-0.377233,0.357506,0.010380
1177,0.393249,-0.407152,0.357709,0.010380
1178,0.393249,-0.484865,0.358237,0.010380
1179,0.393249,-0.526349,0.359724,0.010380
1180,0.393249,-0.493441,0.361770,0.010380
1181,0.393249,-0.410228,0.363323,0.010380
1182,0.393249,-0.365412,0.363822,0.010380
1183,0.393249,-0.344573,0.363838,0.010380
1184,0.393249,-0.231395,0.363651,0.010380
1185,0.393249,-0.079615,0.362567,0.010380
1186,0.393249,0.076091,0.360838,0.010380
1187,0.393249,0.256653,0.359109,0.010390
1188,0.393249,0.376207,0.358230,0.010390
1189,0.393249,0.431894,0.358414,0.010390
1190,0.393249,0.481881,0.359223,0.010390
1191,0.393249,0.469146,0.360657,0.010390
1192,0.393249,0.345691,0.361903,0.010390
1193,0.393249,0.295452,0.361744,0.010390
1194,0.393249,0.294779,0.361141,0.010390
1195,0.393249,0.153722,0.360538,0.010390
1196,0.393249,-0.042764,0.359060,0.010390
1197,0.393249,-0.161261,0.357286,0.010390
1198,0.393249,-0.232243,0.355861,0.010390
1199,0.393249,-0.301902,0.354838,0.010390
1200,0.407426,-0.358390,0.354347,0.010390
1201,0.407426,-0.380390,0.354388,0.010390
1202,0.407426,-0.398804,0.354658,0.010390
1203,0.407426,-0.420581,0.355126,0.010390
1204,0.407426,-0.416728,0.355840,0.010390
1205,0.407426,-0.340486,0.356501,0.010390
1206,0.407426,-0.160603,0.356344,0.010390
1207,0.407426,0.045767,0.354922,0.010390
1208,0.407426,0.215710,0.353172,0.010499
1209,0.407426,0.319404,0.352063,0.010499
1210,0.407426,0.411785,0.351752,0.010499
1211,0.407426,0.566588,0.352403,0.010499
1212,0.407426,0.694245,0.355185,0.010499
1213,0.407426,0.690890,0.360159,0.010499
1214,0.407426,0.640063,0.364953,0.010499
1215,0.407426,0.587779,0.368721,0.010499
1216,0.407426,0.503562,0.371552,0.010499
1217,0.407426,0.350189,0.373103,0.010499
1218,0.407426,0.184996,0.372881,0.010499
1219,0.407426,0.061521,0.371473,0.010499
1220,0.407426,-0.082072,0.369662,0.010499
1221,0.407426,-0.269959,0.367900,0.010499
1222,0.407426,-0.478427,0.367050,0.010499
1223,0.407426,-0.659032,0.368331,0.010499
1224,0.407426,-0.737488,0.372363,0.010499
1225,0.407426,-0.774521,0.377765,0.010499
1226,0.407426,-0.797343,0.383769,0.010499
1227,0.407426,-0.785296,0.390081,0.010499
1228,0.407426,-0.678050,0.395990,0.010499
1229,0.407426,-0.457461,0.399797,0.010499
1230,0.407426,-0.267640,0.400415,0.010499
1231,0.407426,-0.116656,0.399306,0.010499
1232,0.407426,0.105974,0.397476,0.010499
1233,0.407426,0.346123,0.395625,0.010413
1234,0.407426,0.499106,0.395161,0.010413
1235,0.407426,0.601554,0.396335,0.010413
1236,0.407426,0.711295,0.398910,0.010413
1237,0.407426,0.813355,0.403234,0.010413
1238,0.407426,0.864374,0.409374,0.010413
1239,0.407426,0.803166,0.416392,0.010413
1240,0.407426,0.647749,0.422019,0.010413
1241,0.407426,0.498185,0.424870,0.010413
1242,0.407426,0.295997,0.425666,0.010413
1243,0.407426,0.002438,0.424565,0.010413
1244,0.407426,-0.240477,0.422437,0.010413
1245,0.407426,-0.462693,0.421007,0.010413
1246,0.407426,-0.691316,0.421444,0.010413
1247,0.407426,-0.882399,0.424992,0.010413
1248,0.407426,-0.967045,0.431970,0.010413
1249,0.407426,-0.959215,0.440550,0.010413
1250,0.407426,-0.914211,0.448714,0.010413
1251,0.407426,-0.816859,0.455729,0.010413
1252,0.407426,-0.652004,0.460743,0.010413
1253,0.407426,-0.443019,0.463047,0.010413
1254,0.407426,-0.175749,0.462851,0.010413
1255,0.407426,0.126177,0.460866,0.010413
1256,0.407426,0.381534,0.458730,0.010419
1257,0.407426,0.602280,0.458022,0.010419
1258,0.407426,0.799617,0.459689,0.010419
1259,0.407426,0.944348,0.464321,0.010419
1260,0.505961,0.995914,0.471547,0.010419
1261,0.505961,0.953238,0.479637,0.010419
1262,0.505961,0.843359,0.486659,0.010419
1263,0.505961,0.691930,0.491510,0.010419
1264,0.505961,0.481275,0.493917,0.010419
1265,0.505961,0.164283,0.493792,0.010419
1266,0.505961,-0.173579,0.491591,0.010419
1267,0.505961,-0.442844,0.489435,0.010419
1268,0.505961,-0.660050,0.488991,0.010419
1269,0.505961,-0.804858,0.490997,0.010419
1270,0.505961,-0.883634,0.495121,0.010419
1271,0.505961,-0.893373,0.500501,0.010419
1272,0.505961,-0.886350,0.505942,0.010419
1273,0.505961,-0.834470,0.511150,0.010419
1274,0.505961,-0.706845,0.515388,0.010419
1275,0.505961,-0.562911,0.517653,0.010419
1276,0.505961,-0.408687,0.518125,0.010419
1277,0.505961,-0.161135,0.517146,0.010419
1278,0.505961,0.136105,0.514806,0.010419
1279,0.505961,0.412402,0.512406,0.010425
1280,0.505961,0.626535,0.511503,0.010425
1281,0.505961,0.749278,0.512781,0.010425
1282,0.505961,0.821574,0.515683,0.010425
1283,0.505961,0.907457,0.519634,0.010425
1284,0.505961,0.962826,0.524932,0.010425
1285,0.505961,0.859042,0.531102,0.010425
1286,0.505961,0.630868,0.535376,0.010425
1287,0.505961,0.378240,0.536415,0.010425
1288,0.505961,0.158633,0.535065,0.010425
1289,0.505961,-0.078038,0.532619,0.010425
1290,0.505961,-0.341734,0.530007,0.010425
1291,0.505961,-0.569598,0.528456,0.010425
1292,0.505961,-0.756718,0.528884,0.010425
1293,0.505961,-0.909802,0.531645,0.010425
1294,0.505961,-1.000859,0.536747,0.010425
1295,0.505961,-0.962810,0.543354,0.010425
1296,0.505961,-0.857984,0.549137,0.010425
1297,0.505961,-0.758854,0.553080,0.010425
1298,0.505961,-0.626887,0.555515,0.010425
1299,0.505961,-0.359647,0.556274,0.010425
1300,0.505961,-0.030306,0.554653,0.010425
1301,0.505961,0.201039,0.551881,0.010425
1302,0.505961,0.420133,0.549483,0.010431
1303,0.505961,0.660713,0.548340,0.010431
1304,0.505961,0.798129,0.549578,0.010431
1305,0.505961,0.838623,0.552617,0.010431
1306,0.505961,0.864127,0.556205,0.010431
1307,0.505961,0.851484,0.560123,0.010431
1308,0.505961,0.751068,0.563783,0.010431
1309,0.505961,0.604305,0.565962,0.010431
1310,0.505961,0.438052,0.566359,0.010431
1311,0.505961,0.198916,0.565220,0.010431
1312,0.505961,-0.105884,0.562738,0.010431
1313,0.505961,-0.377265,0.560018,0.010431
1314,0.505961,-0.565453,0.558486,0.010431
1315,0.505961,-0.688729,0.558556,0.010431
1316,0.505961,-0.820234,0.560008,0.010431
1317,0.505961,-0.981499,0.563205,0.010431
1318,0.505961,-1.061331,0.568913,0.010431
1319,0.505961,-0.950342,0.575925,0.010431
1320,0.622491,-0.754370,0.580865,0.010431
1321,0.622491,-0.554328,0.582856,0.010431
1322,0.622491,-0.293886,0.582577,0.010431
1323,0.622491,0.020892,0.580402,0.010431
1324,0.622491,0.293133,0.577496,0.010483
1325,0.622491,0.448963,0.575349,0.010483
1326,0.622491,0.566263,0.574222,0.010483
1327,0.622491,0.702561,0.574143,0.010483
1328,0.622491,0.820660,0.575569,0.010483
1329,0.622491,0.879983,0.578535,0.010483
1330,0.622491,0.863960,0.582322,0.010483
1331,0.622491,0.785809,0.585809,0.010483
1332,0.622491,0.631247,0.588146,0.010483
1333,0.622491,0.388222,0.588592,0.010483
1334,0.622491,0.121913,0.586927,0.010483
1335,0.622491,-0.107436,0.584113,0.010483
1336,0.622491,-0.288044,0.581284,0.010483
1337,0.622491,-0.540851,0.579087,0.010483
1338,0.622491,-0.830464,0.578717,0.010483
1339,0.622491,-0.950673,0.581774,0.010483
1340,0.622491,-0.964458,0.586613,0.010483
1341,0.622491,-0.981003,0.591587,0.010483
1342,0.622491,-0.889979,0.596740,0.010483
1343,0.622491,-0.674565,0.600382,0.010483
1344,0.622491,-0.445410,0.601169,0.010483
1345,0.622491,-0.238930,0.599812,0.010483
1346,0.622491,-0.031000,0.597283,0.010483
1347,0.622491,0.176663,0.594298,0.010483
1348,0.622491,0.390800,0.591582,0.010439
1349,0.622491,0.597962,0.589913,0.010439
1350,0.622491,0.767168,0.589994,0.010439
1351,0.622491,0.866989,0.592028,0.010439
1352,0.622491,0.880476,0.595407,0.010439
1353,0.622491,0.879478,0.598929,0.010439
1354,0.622491,0.817869,0.602382,0.010439
1355,0.622491,0.615423,0.604917,0.010439
1356,0.622491,0.350890,0.605023,0.010439
1357,0.622491,0.086685,0.603012,0.010439
1358,0.622491,-0.149682,0.600052,0.010439
1359,0.622491,-0.358844,0.597232,0.010439
1360,0.622491,-0.582542,0.595321,0.010439
1361,0.622491,-0.796612,0.595194,0.010439
1362,0.622491,-0.894637,0.597545,0.010439
1363,0.622491,-0.894835,0.601243,0.010439
1364,0.622491,-0.848449,0.604884,0.010439
1365,0.622491,-0.809491,0.607803,0.010439
1366,0.622491,-0.722720,0.610150,0.010439
1367,0.622491,-0.507203,0.611379,0.010439
1368,0.622491,-0.203067,0.610425,0.010439
1369,0.622491,0.008170,0.607704,0.010439
1370,0.622491,0.125733,0.604659,0.010491
1371,0.622491,0.359531,0.601759,0.010491
1372,0.622491,0.650747,0.599821,0.010491
1373,0.622491,0.807797,0.600352,0.010491
1374,0.622491,0.873739,0.602780,0.010491
1375,0.622491,0.910970,0.606090,0.010491
1376,0.622491,0.893587,0.609893,0.010491
1377,0.622491,0.766667,0.613380,0.010491
1378,0.622491,0.524235,0.615102,0.010491
1379,0.622491,0.300826,0.614260,0.010491
1380,0.667381,0.090264,0.611921,0.010491
1381,0.667381,-0.170092,0.608920,0.010491
1382,0.667381,-0.406342,0.606107,0.010491
1383,0.667381,-0.561130,0.604436,0.010491
1384,0.667381,-0.716409,0.604018,0.010491
1385,0.667381,-0.872058,0.605246,0.010491
1386,0.667381,-0.937663,0.608493,0.010491
1387,0.667381,-0.904444,0.612661,0.010491
1388,0.667381,-0.792372,0.616263,0.010491
1389,0.667381,-0.606811,0.618272,0.010491
1390,0.667381,-0.440292,0.618159,0.010491
1391,0.667381,-0.261872,0.616634,0.010491
1392,0.667381,-0.066382,0.614102,0.010491
1393,0.667381,0.152004,0.611060,0.010491
1394,0.667381,0.453772,0.608187,0.010446
1395,0.667381,0.721706,0.606837,0.010446
1396,0.667381,0.876125,0.608093,0.010446
1397,0.667381,0.923311,0.611355,0.010446
1398,0.667381,0.897762,0.615258,0.010446
1399,0.667381,0.825490,0.618722,0.010446
1400,0.667381,0.687041,0.621131,0.010446
1401,0.667381,0.519205,0.621824,0.010446
1402,0.667381,0.322611,0.620882,0.010446
1403,0.667381,0.079978,0.618612,0.010446
1404,0.667381,-0.134072,0.615563,0.010446
1405,0.667381,-0.358239,0.612624,0.010446
1406,0.667381,-0.613684,0.610605,0.010446
1407,0.667381,-0.769418,0.610636,0.010446
1408,0.667381,-0.846749,0.612427,0.010446
1409,0.667381,-0.906174,0.615213,0.010446
1410,0.667381,-0.919474,0.618800,0.010446
1411,0.667381,-0.835163,0.622526,0.010446
1412,0.667381,-0.651392,0.625010,0.010446
1413,0.667381,-0.444156,0.625280,0.010446
1414,0.667381,-0.249195,0.623729,0.010446
1415,0.667381,0.004103,0.621103,0.010446
1416,0.667381,0.310301,0.617989,0.010497
1417,0.667381,0.571857,0.615674,0.010497
1418,0.667381,0.730659,0.615251,0.010497
1419,0.667381,0.838831,0.616513,0.010497
1420,0.667381,0.882021,0.619131,0.010497
1421,0.667381,0.829010,0.622310,0.010497
1422,0.667381,0.764155,0.624716,0.010497
1423,0.667381,0.699090,0.626264,0.010497
1424,0.667381,0.566628,0.627034,0.010497
1425,0.667381,0.345544,0.626459,0.010497
1426,0.667381,0.069162,0.624275,0.010497
1427,0.667381,-0.166245,0.621185,0.010497
1428,0.667381,-0.345794,0.618295,0.010497
1429,0.667381,-0.538597,0.616166,0.010497
1430,0.667381,-0.731939,0.615439,0.010497
1431,0.667381,-0.882678,0.616713,0.010497
1432,0.667381,-0.948802,0.619938,0.010497
1433,0.667381,-0.938487,0.624085,0.010497
1434,0.667381,-0.846477,0.628008,0.010497
1435,0.667381,-0.661681,0.630568,0.010497
1436,0.667381,-0.424690,0.630886,0.010497
1437,0.667381,-0.155945,0.629159,0.010497
1438,0.667381,0.118325,0.626200,0.010497
1439,0.667381,0.320217,0.623173,0.010495
1440,0.699018,0.503858,0.620876,0.010495
1441,0.699018,0.672716,0.619815,0.010495
1442,0.699018,0.797038,0.620366,0.010495
1443,0.699018,0.894393,0.622381,0.010495
1444,0.699018,0.904151,0.625687,0.010495
1445,0.699018,0.804249,0.629082,0.010495
1446,0.699018,0.655712,0.631075,0.010495
1447,0.699018,0.499316,0.631326,0.010495
1448,0.699018,0.349626,0.630142,0.010495
1449,0.699018,0.167687,0.627958,0.010495
1450,0.699018,-0.112806,0.625035,0.010495
1451,0.699018,-0.439755,0.622004,0.010495
1452,0.699018,-0.643627,0.620447,0.010495
1453,0.699018,-0.748636,0.620683,0.010495
1454,0.699018,-0.851429,0.622093,0.010495
1455,0.699018,-0.901135,0.624803,0.010495
1456,0.699018,-0.882380,0.628168,0.010495
1457,0.699018,-0.793403,0.631217,0.010495
1458,0.699018,-0.595798,0.633045,0.010495
1459,0.699018,-0.348387,0.632683,0.010495
1460,0.699018,-0.117395,0.630475,0.010495
1461,0.699018,0.121780,0.627425,0.010495
1462,0.699018,0.332276,0.624399,0.010493
1463,0.699018,0.509444,0.622157,0.010493
1464,0.699018,0.706743,0.621131,0.010493
1465,0.699018,0.866676,0.622045,0.010493
1466,0.699018,0.929105,0.624966,0.010493
1467,0.699018,0.955924,0.628736,0.010493
1468,0.699018,0.920306,0.632846,0.010493
1469,0.699018,0.794007,0.636363,0.010493
1470,0.699018,0.640245,0.638133,0.010493
1471,0.699018,0.467942,0.638154,0.010493
1472,0.699018,0.214401,0.636677,0.010493
1473,0.699018,-0.070763,0.633848,0.010493
1474,0.699018,-0.285395,0.630711,0.010493
1475,0.699018,-0.462476,0.628198,0.010493
1476,0.699018,-0.609501,0.626758,0.010493
1477,0.699018,-0.671151,0.626587,0.010493
1478,0.699018,-0.692836,0.627049,0.010493
1479,0.699018,-0.698103,0.627741,0.010493
1480,0.699018,-0.602376,0.628483,0.010493
1481,0.699018,-0.420860,0.628228,0.010493
1482,0.699018,-0.201300,0.626494,0.010493
1483,0.699018,0.043797,0.623679,0.010493
1484,0.699018,0.288182,0.620568,0.010540
1485,0.699018,0.461488,0.618129,0.010540
1486,0.699018,0.608124,0.616760,0.010540
1487,0.699018,0.775645,0.616674,0.010540
1488,0.699018,0.911278,0.618466,0.010540
1489,0.699018,1.002661,0.622077,0.010540
1490,0.699018,0.981656,0.627027,0.010540
1491,0.699018,0.818335,0.631560,0.010540
1492,0.699018,0.607426,0.633700,0.010540
1493,0.699018,0.384232,0.633443,0.010540
1494,0.699018,0.128811,0.631438,0.010540
1495,0.699018,-0.130770,0.628405,0.010540
1496,0.699018,-0.416339,0.625391,0.010540
1497,0.699018,-0.673387,0.623648,0.010540
1498,0.699018,-0.818416,0.624165,0.010540
1499,0.699018,-0.896037,0.626406,0.010540
1500,0.746014,-1.008305,0.629674,0.010540
1501,0.746014,-1.040457,0.634579,0.010540
1502,0.746014,-0.891271,0.639914,0.010540
1503,0.746014,-0.658167,0.642914,0.010540
1504,0.746014,-0.432697,0.643068,0.010540
1505,0.746014,-0.189676,0.641306,0.010540
1506,0.746014,0.073911,0.638374,0.010540
1507,0.746014,0.327626,0.635217,0.010534
1508,0.746014,0.620243,0.632881,0.010534
1509,0.746014,0.922368,0.632756,0.010534
1510,0.746014,1.157720,0.636305,0.010534
1511,0.746014,1.248428,0.643614,0.010534
1512,0.746014,1.214382,0.652443,0.010534
1513,0.746014,1.092856,0.660433,0.010534
1514,0.746014,0.938261,0.666149,0.010534
1515,0.746014,0.712337,0.669417,0.010534
1516,0.746014,0.396808,0.669860,0.010534
1517,0.746014,0.043046,0.667683,0.010534
1518,0.746014,-0.300629,0.664350,0.010534
1519,0.746014,-0.580671,0.661703,0.010534
1520,0.746014,-0.806055,0.660942,0.010534
1521,0.746014,-0.991386,0.662550,0.010534
1522,0.746014,-1.172007,0.666642,0.010534
1523,0.746014,-1.247372,0.673575,0.010534
1524,0.746014,-1.125165,0.681708,0.010534
1525,0.746014,-0.904070,0.687560,0.010534
1526,0.746014,-0.727879,0.690061,0.010534
1527,0.746014,-0.468720,0.690450,0.010534
1528,0.746014,-0.126278,0.688586,0.010534
1529,0.746014,0.190593,0.685251,0.010534
1530,0.746014,0.524756,0.682082,0.010528
1531,0.746014,0.871163,0.680689,0.010528
1532,0.746014,1.134452,0.682857,0.010528
1533,0.746014,1.266522,0.688840,0.010528
1534,0.746014,1.306448,0.696991,0.010528
1535,0.746014,1.230838,0.705695,0.010528
1536,0.746014,1.052353,0.712864,0.010528
1537,0.746014,0.809527,0.717055,0.010528
1538,0.746014,0.533351,0.718039,0.010528
1539,0.746014,0.218250,0.716428,0.010528
1540,0.746014,-0.098040,0.713171,0.010528
1541,0.746014,-0.377771,0.709664,0.010528
1542,0.746014,-0.630329,0.707116,0.010528
1543,0.746014,-0.822168,0.706390,0.010528
1544,0.746014,-0.956111,0.707641,0.010528
1545,0.746014,-1.080818,0.710556,0.010528
1546,0.746014,-1.125675,0.715208,0.010528
1547,0.746014,-1.025702,0.720471,0.010528
1548,0.746014,-0.844045,0.724161,0.010528
1549,0.746014,-0.668436,0.725458,0.010528
1550,0.746014,-0.401398,0.724910,0.010528
1551,0.746014,-0.075626,0.722392,0.010528
1552,0.746014,0.210106,0.718811,0.010528
1553,0.746014,0.482015,0.715516,0.010523
1554,0.746014,0.772702,0.713560,0.010523
1555,0.746014,1.031755,0.714175,0.010523
1556,0.746014,1.188577,0.718047,0.010523
1557,0.746014,1.233460,0.724267,0.010523
1558,0.746014,1.155308,0.731116,0.010523
1559,0.746014,1.004088,0.736568,0.010523
1560,0.798664,0.828740,0.739723,0.010523
1561,0.798664,0.602225,0.740666,0.010523
1562,0.798664,0.280659,0.739410,0.010523
1563,0.798664,-0.057649,0.736239,0.010523
1564,0.798664,-0.304837,0.732571,0.010523
1565,0.798664,-0.561498,0.729536,0.010523
1566,0.798664,-0.847322,0.728047,0.010523
1567,0.798664,-1.081410,0.729337,0.010523
1568,0.798664,-1.201141,0.733694,0.010523
1569,0.798664,-1.154689,0.739832,0.010523
1570,0.798664,-1.047090,0.745125,0.010523
1571,0.798664,-0.888114,0.748748,0.010523
1572,0.798664,-0.663726,0.750269,0.010523
1573,0.798664,-0.348980,0.749454,0.010523
1574,0.798664,0.010973,0.746513,0.010523
1575,0.798664,0.313168,0.742772,0.010566
1576,0.798664,0.547656,0.739712,0.010566
1577,0.798664,0.821222,0.738039,0.010566
1578,0.798664,1.077705,0.738917,0.010566
1579,0.798664,1.181443,0.743070,0.010566
1580,0.798664,1.164556,0.748725,0.010566
1581,0.798664,1.107957,0.754019,0.010566
1582,0.798664,0.975141,0.758377,0.010566
1583,0.798664,0.756832,0.760850,0.010566
1584,0.798664,0.534670,0.760810,0.010566
1585,0.798664,0.315199,0.758882,0.010566
1586,0.798664,0.061130,0.755736,0.010566
1587,0.798664,-0.260381,0.751973,0.010566
1588,0.798664,-0.616535,0.748656,0.010566
1589,0.798664,-0.925458,0.747451,0.010566
1590,0.798664,-1.109954,0.749440,0.010566
1591,0.798664,-1.178758,0.753899,0.010566
1592,0.798664,-1.185927,0.759325,0.010566
1593,0.798664,-1.092494,0.764770,0.010566
1594,0.798664,-0.872087,0.768739,0.010566
1595,0.798664,-0.608485,0.769842,0.010566
1596,0.798664,-0.323477,0.768396,0.010566
1597,0.798664,-0.008528,0.765228,0.010566
1598,0.798664,0.272788,0.761393,0.010566
1599,0.798664,0.580181,0.758067,0.010514
1600,0.798664,0.887028,0.756496,0.010514
1601,0.798664,1.052885,0.757912,0.010514
1602,0.798664,1.127547,0.761428,0.010514
1603,0.798664,1.171044,0.765956,0.010514
1604,0.798664,1.175512,0.771061,0.010514
1605,0.798664,1.040115,0.776149,0.010514
1606,0.798664,0.807298,0.779231,0.010514
1607,0.798664,0.563660,0.779517,0.010514
1608,0.798664,0.326892,0.777655,0.010514
1609,0.798664,0.030918,0.774447,0.010514
1610,0.798664,-0.341019,0.770572,0.010514
1611,0.798664,-0.713259,0.767467,0.010514
1612,0.798664,-1.006510,0.766944,0.010514
1613,0.798664,-1.156854,0.769709,0.010514
1614,0.798664,-1.135284,0.774539,0.010514
1615,0.798664,-1.086130,0.778974,0.010514
1616,0.798664,-1.058929,0.782642,0.010514
1617,0.798664,-0.895290,0.785886,0.010514
1618,0.798664,-0.595737,0.787055,0.010514
1619,0.798664,-0.278237,0.785373,0.010514
1620,0.820524,-0.015440,0.781931,0.010514
1621,0.820524,0.262719,0.778013,0.010514
1622,0.820524,0.601675,0.774559,0.010511
1623,0.820524,0.885487,0.773022,0.010511
1624,0.820524,1.044276,0.774227,0.010511
1625,0.820524,1.156339,0.777392,0.010511
1626,0.820524,1.227837,0.782091,0.010511
1627,0.820524,1.196448,0.787798,0.010511
1628,0.820524,1.019619,0.792928,0.010511
1629,0.820524,0.814878,0.795515,0.010511
1630,0.820524,0.614692,0.795711,0.010511
1631,0.820524,0.281775,0.794105,0.010511
1632,0.820524,-0.138235,0.790626,0.010511
1633,0.820524,-0.452090,0.786785,0.010511
1634,0.820524,-0.669347,0.784145,0.010511
1635,0.820524,-0.881458,0.783081,0.010511
1636,0.820524,-1.078305,0.784126,0.010511
1637,0.820524,-1.139935,0.787611,0.010511
1638,0.820524,-1.060361,0.791911,0.010511
1639,0.820524,-0.924660,0.795044,0.010511
1640,0.820524,-0.804490,0.796445,0.010511
1641,0.820524,-0.573985,0.796526,0.010511
1642,0.820524,-0.217642,0.794609,0.010511
1643,0.820524,0.033981,0.790925,0.010511
1644,0.820524,0.262392,0.786968,0.010555
1645,0.820524,0.591262,0.783463,0.010555
1646,0.820524,0.907020,0.781775,0.010555
1647,0.820524,1.115161,0.783126,0.010555
1648,0.820524,1.222581,0.787140,0.010555
1649,0.820524,1.240183,0.792680,0.010555
1650,0.820524,1.150424,0.798397,0.010555
1651,0.820524,0.990895,0.802682,0.010555
1652,0.820524,0.773923,0.804782,0.010555
1653,0.820524,0.519073,0.804480,0.010555
1654,0.820524,0.235461,0.802128,0.010555
1655,0.820524,-0.097470,0.798455,0.010555
1656,0.820524,-0.428464,0.794512,0.010555
1657,0.820524,-0.693201,0.791690,0.010555
1658,0.820524,-0.903485,0.790766,0.010555
1659,0.820524,-1.040184,0.791973,0.010555
1660,0.820524,-1.080501,0.794838,0.010555
1661,0.820524,-1.042744,0.798201,0.010555
1662,0.820524,-0.936596,0.801016,0.010555
1663,0.820524,-0.777666,0.802486,0.010555
1664,0.820524,-0.528513,0.802241,0.010555
1665,0.820524,-0.250815,0.799968,0.010555
1666,0.820524,0.040899,0.796353,0.010555
1667,0.820524,0.335493,0.792372,0.010547
1668,0.820524,0.627300,0.789113,0.010547
1669,0.820524,0.911776,0.787660,0.010547
1670,0.820524,1.132899,0.788998,0.010547
1671,0.820524,1.234824,0.793175,0.010547
1672,0.820524,1.233060,0.798801,0.010547
1673,0.820524,1.123941,0.804305,0.010547
1674,0.820524,0.935412,0.808128,0.010547
1675,0.820524,0.735979,0.809500,0.010547
1676,0.820524,0.505962,0.808797,0.010547
1677,0.820524,0.212163,0.806332,0.010547
1678,0.820524,-0.105414,0.802571,0.010547
1679,0.820524,-0.442748,0.798618,0.010547
1680,0.823373,-0.747386,0.795847,0.010547
1681,0.823373,-0.915721,0.795377,0.010547
1682,0.823373,-0.993255,0.796671,0.010547
1683,0.823373,-1.056857,0.798876,0.010547
1684,0.823373,-1.043867,0.801867,0.010547
1685,0.823373,-0.945752,0.804647,0.010547
1686,0.823373,-0.785103,0.806180,0.010547
1687,0.823373,-0.561936,0.805972,0.010547
1688,0.823373,-0.278060,0.803899,0.010547
1689,0.823373,0.084182,0.800352,0.010547
1690,0.823373,0.469752,0.796385,0.010541
1691,0.823373,0.786059,0.793784,0.010541
1692,0.823373,0.970431,0.793707,0.010541
1693,0.823373,1.050514,0.795669,0.010541
1694,0.823373,1.115839,0.798620,0.010541
1695,0.823373,1.154837,0.802413,0.010541
1696,0.823373,1.061306,0.806700,0.010541
1697,0.823373,0.856873,0.809642,0.010541
1698,0.823373,0.636082,0.810128,0.010541
1699,0.823373,0.398757,0.808573,0.010541
1700,0.823373,0.090072,0.805508,0.010541
1701,0.823373,-0.241957,0.801521,0.010541
1702,0.823373,-0.517964,0.797870,0.010541
1703,0.823373,-0.739026,0.795559,0.010541
1704,0.823373,-0.941891,0.795013,0.010541
1705,0.823373,-1.078296,0.796616,0.010541
1706,0.823373,-1.109320,0.799924,0.010541
1707,0.823373,-1.029291,0.803608,0.010541
1708,0.823373,-0.846443,0.806177,0.010541
1709,0.823373,-0.637158,0.806590,0.010541
1710,0.823373,-0.419259,0.805072,0.010541
1711,0.823373,-0.124179,0.802133,0.010541
1712,0.823373,0.200710,0.798209,0.010541
1713,0.823373,0.491619,0.794462,0.010534
1714,0.823373,0.759102,0.792007,0.010534
1715,0.823373,0.979058,0.791684,0.010534
1716,0.823373,1.086743,0.793777,0.010534
1717,0.823373,1.119976,0.797240,0.010534
1718,0.823373,1.123876,0.801111,0.010534
1719,0.823373,1.046597,0.804980,0.010534
1720,0.823373,0.876801,0.807754,0.010534
1721,0.823373,0.642639,0.808473,0.010534
1722,0.823373,0.344434,0.806984,0.010534
1723,0.823373,0.027834,0.803677,0.010534
1724,0.823373,-0.269260,0.799653,0.010534
1725,0.823373,-0.522692,0.796101,0.010534
1726,0.823373,-0.707358,0.793833,0.010534
1727,0.823373,-0.868906,0.793015,0.010534
1728,0.823373,-1.032550,0.793809,0.010534
1729,0.823373,-1.094900,0.796551,0.010534
1730,0.823373,-1.002323,0.800086,0.010534
1731,0.823373,-0.809030,0.802360,0.010534
1732,0.823373,-0.551485,0.802427,0.010534
1733,0.823373,-0.262723,0.800308,0.010534
1734,0.823373,0.020526,0.796729,0.010534
1735,0.823373,0.318466,0.792738,0.010577
1736,0.823373,0.580684,0.789407,0.010577
1737,0.823373,0.802152,0.787594,0.010577
1738,0.823373,1.025439,0.787741,0.010577
1739,0.823373,1.220802,0.790472,0.010577
1740,0.823008,1.341699,0.795928,0.010577
1741,0.823008,1.320261,0.803223,0.010577
1742,0.823008,1.145911,0.810029,0.010577
1743,0.823008,0.911176,0.814074,0.010577
1744,0.823008,0.730874,0.815102,0.010577
1745,0.823008,0.574895,0.814303,0.010577
1746,0.823008,0.315913,0.812258,0.010577
1747,0.823008,-0.041962,0.808804,0.010577
1748,0.823008,-0.372550,0.804761,0.010577
1749,0.823008,-0.644603,0.801593,0.010577
1750,0.823008,-0.847054,0.800176,0.010577
1751,0.823008,-0.983328,0.800658,0.010577
1752,0.823008,-1.005809,0.802691,0.010577
1753,0.823008,-0.882080,0.804975,0.010577
1754,0.823008,-0.687745,0.805783,0.010577
1755,0.823008,-0.534691,0.804688,0.010577
1756,0.823008,-0.410867,0.802438,0.010577
1757,0.823008,-0.222240,0.799472,0.010577
1758,0.823008,0.065720,0.795775,0.010577
1759,0.823008,0.347276,0.791814,0.010523
1760,0.823008,0.607848,0.788610,0.010523
1761,0.823008,0.840695,0.787008,0.010523
1762,0.823008,0.922321,0.787563,0.010523
1763,0.823008,0.897476,0.789024,0.010523
1764,0.823008,0.862306,0.790182,0.010523
1765,0.823008,0.775847,0.790936,0.010523
1766,0.823008,0.665059,0.790787,0.010523
1767,0.823008,0.501425,0.789628,0.010523
1768,0.823008,0.224365,0.787269,0.010523
1769,0.823008,-0.065895,0.783644,0.010523
1770,0.823008,-0.322990,0.779744,0.010523
1771,0.823008,-0.509379,0.776507,0.010523
1772,0.823008,-0.612214,0.774292,0.010523
1773,0.823008,-0.726432,0.772840,0.010523
1774,0.823008,-0.779318,0.772389,0.010523
1775,0.823008,-0.669625,0.772459,0.010523
1776,0.823008,-0.562800,0.771498,0.010523
1777,0.823008,-0.481341,0.769692,0.010523
1778,0.823008,-0.324526,0.767345,0.010523
1779,0.823008,-0.142850,0.764188,0.010523
1780,0.823008,0.045850,0.760491,0.010523
1781,0.823008,0.255209,0.756693,0.010566
1782,0.823008,0.433831,0.753333,0.010566
1783,0.823008,0.610243,0.750811,0.010566
1784,0.823008,0.774257,0.749536,0.010566
1785,0.823008,0.805515,0.749787,0.010566
1786,0.823008,0.746131,0.750365,0.010566
1787,0.823008,0.631354,0.750323,0.010566
1788,0.823008,0.491070,0.749227,0.010566
1789,0.823008,0.340366,0.747087,0.010566
1790,0.823008,0.180003,0.744121,0.010566
1791,0.823008,0.015652,0.740610,0.010566
1792,0.823008,-0.147447,0.736899,0.010566
1793,0.823008,-0.376253,0.733353,0.010566
1794,0.823008,-0.547265,0.730647,0.010566
1795,0.823008,-0.542186,0.729041,0.010566
1796,0.823008,-0.539631,0.727411,0.010566
1797,0.823008,-0.524679,0.725773,0.010566
1798,0.823008,-0.477869,0.724039,0.010566
1799,0.823008,-0.426568,0.721993,0.010566
1800,0.844668,-0.350868,0.719639,0.010566
1801,0.844668,-0.198462,0.716891,0.010566
1802,0.844668,-0.083832,0.713574,0.010566
1803,0.844668,0.045176,0.710046,0.010566
1804,0.844668,0.219183,0.706502,0.010558
1805,0.844668,0.395644,0.703302,0.010558
1806,0.844668,0.547639,0.700894,0.010558
1807,0.844668,0.611914,0.699528,0.010558
1808,0.844668,0.603608,0.698706,0.010558
1809,0.844668,0.586606,0.697819,0.010558
1810,0.844668,0.529789,0.696795,0.010558
1811,0.844668,0.443399,0.695324,0.010558
1812,0.844668,0.353029,0.693258,0.010558
1813,0.844668,0.205466,0.690686,0.010558
1814,0.844668,0.062420,0.687530,0.010558
1815,0.844668,-0.066660,0.684113,0.010558
1816,0.844668,-0.236056,0.680716,0.010558
1817,0.844668,-0.382921,0.677715,0.010558
1818,0.844668,-0.483152,0.675405,0.010558
1819,0.844668,-0.546060,0.673754,0.010558
1820,0.844668,-0.590163,0.672597,0.010558
1821,0.844668,-0.601336,0.671822,0.010558
1822,0.844668,-0.510175,0.671154,0.010558
1823,0.844668,-0.430452,0.669736,0.010558
1824,0.844668,-0.344519,0.667768,0.010558
1825,0.844668,-0.184704,0.665313,0.010558
1826,0.844668,0.047667,0.662236,0.010558
1827,0.844668,0.278478,0.658934,0.010550
1828,0.844668,0.456791,0.656222,0.010550
1829,0.844668,0.605722,0.654528,0.010550
1830,0.844668,0.738555,0.654058,0.010550
1831,0.844668,0.756058,0.654957,0.010550
1832,0.844668,0.685639,0.656045,0.010550
1833,0.844668,0.589441,0.656348,0.010550
1834,0.844668,0.447185,0.655713,0.010550
1835,0.844668,0.314106,0.653957,0.010550
1836,0.844668,0.191279,0.651436,0.010550
1837,0.844668,0.007442,0.648453,0.010550
1838,0.844668,-0.170173,0.645203,0.010550
1839,0.844668,-0.346069,0.642195,0.010550
1840,0.844668,-0.529078,0.639912,0.010550
1841,0.844668,-0.606485,0.638899,0.010550
1842,0.844668,-0.627033,0.638583,0.010550
1843,0.844668,-0.619426,0.638468,0.010550
1844,0.844668,-0.548345,0.638281,0.010550
1845,0.844668,-0.434644,0.637444,0.010550
1846,0.844668,-0.326136,0.635737,0.010550
1847,0.844668,-0.199186,0.633390,0.010550
1848,0.844668,-0.085619,0.630530,0.010550
1849,0.844668,0.055359,0.627428,0.010550
1850,0.844668,0.289056,0.624307,0.010543
1851,0.844668,0.511251,0.621850,0.010543
1852,0.844668,0.625366,0.620842,0.010543
1853,0.844668,0.648328,0.620887,0.010543
1854,0.844668,0.630718,0.621167,0.010543
1855,0.844668,0.598004,0.621264,0.010543
1856,0.844668,0.547593,0.621035,0.010543
1857,0.844668,0.459805,0.620344,0.010543
1858,0.844668,0.318393,0.618945,0.010543
1859,0.844668,0.199695,0.616665,0.010543
1860,0.850696,0.056968,0.613899,0.010543
1861,0.850696,-0.140948,0.610848,0.010543
1862,0.850696,-0.337761,0.607949,0.010543
1863,0.850696,-0.512589,0.605844,0.010543
1864,0.850696,-0.656042,0.604983,0.010543
1865,0.850696,-0.727169,0.605515,0.010543
1866,0.850696,-0.668190,0.606852,0.010543
1867,0.850696,-0.557222,0.607496,0.010543
1868,0.850696,-0.428326,0.607014,0.010543
1869,0.850696,-0.322227,0.605488,0.010543
1870,0.850696,-0.199859,0.603314,0.010543
1871,0.850696,-0.051866,0.600623,0.010543
1872,0.850696,0.119619,0.597635,0.010543
1873,0.850696,0.328455,0.594759,0.010536
1874,0.850696,0.496550,0.592689,0.010536
1875,0.850696,0.567468,0.591805,0.010536
1876,0.850696,0.624265,0.591566,0.010536
1877,0.850696,0.662383,0.591902,0.010536
1878,0.850696,0.632364,0.592649,0.010536
1879,0.850696,0.554467,0.593059,0.010536
1880,0.850696,0.460347,0.592686,0.010536
1881,0.850696,0.330341,0.591509,0.010536
1882,0.850696,0.182480,0.589470,0.010536
1883,0.850696,0.024399,0.586799,0.010536
1884,0.850696,-0.176538,0.583863,0.010536
1885,0.850696,-0.359567,0.581204,0.010536
1886,0.850696,-0.514020,0.579408,0.010536
1887,0.850696,-0.640052,0.578791,0.010536
1888,0.850696,-0.692633,0.579435,0.010536
1889,0.850696,-0.666772,0.580676,0.010536
1890,0.850696,-0.566852,0.581601,0.010536
1891,0.850696,-0.449691,0.581455,0.010536
1892,0.850696,-0.332260,0.580285,0.010536
1893,0.850696,-0.211706,0.578332,0.010536
1894,0.850696,-0.050739,0.575822,0.010536
1895,0.850696,0.200405,0.572958,0.010536
1896,0.850696,0.406282,0.570439,0.010531
1897,0.850696,0.506927,0.569032,0.010531
1898,0.850696,0.522953,0.568444,0.010531
1899,0.850696,0.521719,0.568007,0.010531
1900,0.850696,0.548819,0.567563,0.010531
1901,0.850696,0.562681,0.567379,0.010531
1902,0.850696,0.596805,0.567332,0.010531
1903,0.850696,0.585619,0.567634,0.010531
1904,0.850696,0.393203,0.567817,0.010531
1905,0.850696,0.139375,0.566337,0.010531
1906,0.850696,-0.045102,0.563671,0.010531
1907,0.850696,-0.222664,0.560864,0.010531
1908,0.850696,-0.400411,0.558496,0.010531
1909,0.850696,-0.488937,0.557137,0.010531
1910,0.850696,-0.555539,0.556497,0.010531
1911,0.850696,-0.577143,0.556487,0.010531
1912,0.850696,-0.529899,0.556698,0.010531
1913,0.850696,-0.508664,0.556436,0.010531
1914,0.850696,-0.464890,0.555979,0.010531
1915,0.850696,-0.292920,0.555142,0.010531
1916,0.850696,-0.101964,0.553135,0.010531
1917,0.850696,0.073703,0.550457,0.010531
1918,0.850696,0.241037,0.547747,0.010573
1919,0.850696,0.363475,0.545535,0.010573
1920,0.811831,0.457957,0.544016,0.010573
1921,0.811831,0.522116,0.543223,0.010573
1922,0.811831,0.558365,0.543016,0.010573
1923,0.811831,0.590396,0.543171,0.010573
1924,0.811831,0.626572,0.543664,0.010573
1925,0.811831,0.607980,0.544555,0.010573
1926,0.811831,0.474263,0.545226,0.010573
1927,0.811831,0.320655,0.544562,0.010573
1928,0.811831,0.155385,0.542781,0.010573
1929,0.811831,-0.088360,0.540283,0.010573
1930,0.811831,-0.334651,0.537648,0.010573
1931,0.811831,-0.468058,0.535999,0.010573
1932,0.811831,-0.512412,0.535362,0.010573
1933,0.811831,-0.540569,0.535137,0.010573
1934,0.811831,-0.526491,0.535192,0.010573
1935,0.811831,-0.514909,0.535105,0.010573
1936,0.811831,-0.477792,0.534907,0.010573
1937,0.811831,-0.357040,0.534366,0.010573
1938,0.811831,-0.183123,0.532885,0.010573
1939,0.811831,-0.023713,0.530530,0.010573
1940,0.811831,0.084695,0.527876,0.010573
1941,0.811831,0.211606,0.525299,0.010564
1942,0.811831,0.402179,0.523094,0.010564
1943,0.811831,0.590779,0.522023,0.010564
1944,0.811831,0.705464,0.522756,0.010564
1945,0.811831,0.683492,0.524898,0.010564
1946,0.811831,0.633827,0.526720,0.010564
1947,0.811831,0.611722,0.527899,0.010564
1948,0.811831,0.546306,0.528803,0.010564
1949,0.811831,0.420203,0.528981,0.010564
1950,0.811831,0.232624,0.528004,0.010564
1951,0.811831,0.012275,0.525872,0.010564
1952,0.811831,-0.180516,0.523237,0.010564
1953,0.811831,-0.332731,0.520927,0.010564
1954,0.811831,-0.434765,0.519383,0.010564
1955,0.811831,-0.522144,0.518605,0.010564
1956,0.811831,-0.569089,0.518641,0.010564
1957,0.811831,-0.575588,0.519170,0.010564
1958,0.811831,-0.546617,0.519764,0.010564
1959,0.811831,-0.447930,0.520039,0.010564
1960,0.811831,-0.323880,0.519368,0.010564
1961,0.811831,-0.195572,0.517779,0.010564
1962,0.811831,-0.078612,0.515554,0.010564
1963,0.811831,0.051555,0.513030,0.010564
1964,0.811831,0.233102,0.510485,0.010555
1965,0.811831,0.414623,0.508460,0.010555
1966,0.811831,0.517498,0.507608,0.010555
1967,0.811831,0.567710,0.507708,0.010555
1968,0.811831,0.639330,0.508343,0.010555
1969,0.811831,0.632206,0.509819,0.010555
1970,0.811831,0.517587,0.511188,0.010555
1971,0.811831,0.391171,0.511253,0.010555
1972,0.811831,0.246425,0.510192,0.010555
1973,0.811831,0.085050,0.508232,0.010555
1974,0.811831,-0.041416,0.505756,0.010555
1975,0.811831,-0.154302,0.503238,0.010555
1976,0.811831,-0.262020,0.500953,0.010555
1977,0.811831,-0.353687,0.499130,0.010555
1978,0.811831,-0.451580,0.497886,0.010555
1979,0.811831,-0.521705,0.497445,0.010555
1980,0.785428,-0.541839,0.497693,0.010555
1981,0.785428,-0.482346,0.498154,0.010555
1982,0.785428,-0.387116,0.497998,0.010555
1983,0.785428,-0.288865,0.497012,0.010555
1984,0.785428,-0.160035,0.495364,0.010555
1985,0.785428,0.013113,0.493140,0.010555
1986,0.785428,0.167540,0.490670,0.010595
1987,0.785428,0.289562,0.488498,0.010595
1988,0.785428,0.415628,0.486911,0.010595
1989,0.785428,0.514830,0.486250,0.010595
1990,0.785428,0.549579,0.486544,0.010595
1991,0.785428,0.524690,0.487215,0.010595
1992,0.785428,0.507921,0.487604,0.010595
1993,0.785428,0.509308,0.487811,0.010595
1994,0.785428,0.445719,0.488031,0.010595
1995,0.785428,0.304396,0.487626,0.010595
1996,0.785428,0.188226,0.486136,0.010595
1997,0.785428,0.069102,0.484065,0.010595
1998,0.785428,-0.139949,0.481688,0.010595
1999,0.785428,-0.321394,0.479478,0.010595
2000,0.785428,-0.384128,0.478156,0.010595
2001,0.785428,-0.409779,0.477307,0.010595
2002,0.785428,-0.461753,0.476679,0.010595
2003,0.785428,-0.452685,0.476532,0.010595
2004,0.785428,-0.379508,0.476300,0.010595
2005,0.785428,-0.293516,0.475430,0.010595
2006,0.785428,-0.207066,0.473956,0.010595
2007,0.785428,-0.106860,0.472035,0.010595
2008,0.785428,0.032606,0.469790,0.010595
2009,0.785428,0.279048,0.467447,0.010584
2010,0.785428,0.570633,0.465940,0.010584
2011,0.785428,0.703774,0.467103,0.010584
2012,0.785428,0.697840,0.470060,0.010584
2013,0.785428,0.682340,0.472881,0.010584
2014,0.785428,0.661898,0.475433,0.010584
2015,0.785428,0.651155,0.477658,0.010584
2016,0.785428,0.647745,0.479704,0.010584
2017,0.785428,0.554805,0.481674,0.010584
2018,0.785428,0.433963,0.482460,0.010584
2019,0.785428,0.307457,0.482000,0.010584
2020,0.785428,0.094152,0.480568,0.010584
2021,0.785428,-0.134329,0.478252,0.010584
2022,0.785428,-0.256345,0.476044,0.010584
2023,0.785428,-0.348101,0.474351,0.010584
2024,0.785428,-0.483359,0.473255,0.010584
2025,0.785428,-0.573295,0.473358,0.010584
2026,0.785428,-0.606219,0.474461,0.010584
2027,0.785428,-0.632232,0.475959,0.010584
2028,0.785428,-0.570136,0.477775,0.010584
2029,0.785428,-0.403834,0.478787,0.010584
2030,0.785428,-0.236224,0.478096,0.010584
2031,0.785428,-0.101584,0.476285,0.010584
2032,0.785428,0.001274,0.474007,0.010584
2033,0.785428,0.091108,0.471631,0.010529
2034,0.785428,0.211120,0.469355,0.010529
2035,0.785428,0.333554,0.467479,0.010529
2036,0.785428,0.414743,0.466331,0.010529
2037,0.785428,0.437880,0.465843,0.010529
2038,0.785428,0.419316,0.465572,0.010529
2039,0.785428,0.414749,0.465132,0.010529
2040,0.782413,0.431867,0.464655,0.010529
2041,0.782413,0.384186,0.464339,0.010529
2042,0.782413,0.243004,0.463606,0.010529
2043,0.782413,0.101314,0.461922,0.010529
2044,0.782413,0.002920,0.459718,0.010529
2045,0.782413,-0.059017,0.457414,0.010529
2046,0.782413,-0.125934,0.455159,0.010529
2047,0.782413,-0.232308,0.453053,0.010529
2048,0.782413,-0.335881,0.451380,0.010529
2049,0.782413,-0.392415,0.450371,0.010529
2050,0.782413,-0.384259,0.449829,0.010529
2051,0.782413,-0.352266,0.449221,0.010529
2052,0.782413,-0.315674,0.448355,0.010529
2053,0.782413,-0.243598,0.447223,0.010529
2054,0.782413,-0.131556,0.445647,0.010529
2055,0.782413,-0.075436,0.443609,0.010529
2056,0.782413,-0.062870,0.441450,0.010529
2057,0.782413,0.008892,0.439282,0.010529
2058,0.782413,0.152896,0.437081,0.010441
2059,0.782413,0.241198,0.435159,0.010441
2060,0.782413,0.229111,0.433649,0.010441
2061,0.782413,0.289215,0.432083,0.010441
2062,0.782413,0.430646,0.430889,0.010441
2063,0.782413,0.495603,0.430886,0.010441
2064,0.782413,0.460985,0.431581,0.010441
2065,0.782413,0.429270,0.431885,0.010441
2066,0.782413,0.372283,0.431859,0.010441
2067,0.782413,0.302617,0.431304,0.010441
2068,0.782413,0.229724,0.430208,0.010441
2069,0.782413,0.092577,0.428668,0.010441
2070,0.782413,-0.036596,0.426619,0.010441
2071,0.782413,-0.066996,0.424497,0.010441
2072,0.782413,-0.140225,0.422422,0.010441
2073,0.782413,-0.262561,0.420538,0.010441
2074,0.782413,-0.358929,0.419253,0.010441
2075,0.782413,-0.383146,0.418693,0.010441
2076,0.782413,-0.332883,0.418353,0.010441
2077,0.782413,-0.324386,0.417585,0.010441
2078,0.782413,-0.333884,0.416756,0.010441
2079,0.782413,-0.279309,0.416009,0.010441
2080,0.782413,-0.171144,0.414865,0.010441
2081,0.782413,-0.024853,0.413140,0.010441
2082,0.782413,0.155845,0.411077,0.010441
2083,0.782413,0.319250,0.409313,0.010361
2084,0.782413,0.424773,0.408510,0.010361
2085,0.782413,0.468644,0.408676,0.010361
2086,0.782413,0.517588,0.409319,0.010361
2087,0.782413,0.554811,0.410544,0.010361
2088,0.782413,0.549113,0.412236,0.010361
2089,0.782413,0.488116,0.413829,0.010361
2090,0.782413,0.377022,0.414638,0.010361
2091,0.782413,0.277706,0.414279,0.010361
2092,0.782413,0.142643,0.413136,0.010361
2093,0.782413,-0.029664,0.411313,0.010361
2094,0.782413,-0.211683,0.409262,0.010361
2095,0.782413,-0.398950,0.407760,0.010361
2096,0.782413,-0.450428,0.407673,0.010361
2097,0.782413,-0.368323,0.408123,0.010361
2098,0.782413,-0.336703,0.407744,0.010361
2099,0.782413,-0.395645,0.407095,0.010361
2100,0.818737,-0.409886,0.406982,0.010361
2101,0.818737,-0.310532,0.407011,0.010361
2102,0.818737,-0.181325,0.406160,0.010361
2103,0.818737,-0.055189,0.404531,0.010361
2104,0.818737,0.081155,0.402541,0.010361
2105,0.818737,0.230850,0.400605,0.010420
2106,0.818737,0.408939,0.399265,0.010420
